,id,age.cat,age.reps,methylation,meth_adjust,kay.code,darting.date,sex,reproductive.status,mass,glucose.green,glucose.red,pcv,wbc,rbc,total.solids,first.seen,den.grad,disappeared,mom,birthdate,number.littermates,litrank,mortality.source,death.date,weaned,clan,park,mom.absrank,mom.strank,mom.strank.quart,mom.strank.quart.order,hum.pres,lit.size,age.mon,rank_year,samp_year,dna_extrct_mth,absrank,strank,strank.quart,strank.quart.order,prim.prey.3.6,prim.prey.6.9,prim.prey.birth.3,prim.prey.gest,prim.prey.peri.concpt,num.transects.3.6,num.transects.6.9,num.transects.birth.3,num.transects.gest,num.transects.peri.concpt,samp_year_cnt
2,ade,adult,1,69.985218,69.9332137,787,4/6/03,m,ok,41.6,NA,NA,44.4,NA,NA,7.2,11/9/01,NA,5/4/04,NA,NA,NA,NA,humans-speared,NA,NA,talek,NA,NA,NA,NA,NA,NA,NA,30,NA,2003,old,NA,NA,NA,NA,NA,NA,NA,NA,NA,NA,NA,NA,NA,NA,-3.25625
20,atar,adult,1,76.71400068,76.67646536,461,6/30/00,f,lactating,56.6,66,64,31.4,20075,4790000,7.4,5/25/01,NA,NA,NA,NA,NA,NA,NA,NA,NA,mara.river,NA,NA,NA,NA,NA,low,NA,78,NA,2000,old,NA,NA,NA,NA,NA,NA,NA,NA,NA,NA,NA,NA,NA,NA,-6.25625
24,bab,adult,1,80.27617341,80.26678014,771,1/22/09,f,bado,55.2,63,62,39,NA,NA,5.9,12/3/04,9/26/05,NA,mp,10/30/04,1,2,NA,NA,8/24/05,talek,NA,NA,NA,NA,NA,med,twin,50.8,2004,2009,old,15,-0.333333333,Q1 (lowest),1,-1.432286024,-1.02970186,-0.981636006,-0.794239345,-1.260591275,12,12,12,12,10,2.74375
26,back,adult,2,76.21762519,76.25534794,417,12/30/00,f,lactating,NA,60,60.5,33.05,16537.5,6987500,7.55,5/9/01,NA,2/9/04,NA,NA,NA,NA,NA,2/10/04,NA,mara.river,NA,NA,NA,NA,NA,low,NA,106,NA,2000,old,NA,NA,NA,NA,NA,NA,NA,NA,NA,NA,NA,NA,NA,NA,-6.25625
29,bag,subadult,1,73.37499794,73.38090094,86,7/15/93,m,bado,28.4,NA,NA,NA,NA,NA,NA,5/11/92,3/4/93,4/22/94,2,4/7/92,1,2,NA,NA,NA,talek,tk,NA,NA,NA,NA,low,twin,15.2,1992,1993,old,NA,NA,NA,NA,5.053336812,-0.900563844,0.47808752,-0.535192735,-0.318717975,10,12,12,12,12,-13.25625
32,bart,adult,1,70.25821281,70.22511064,1013,8/8/12,f,NA,56.2,77,80,31.52,NA,NA,NA,11/10/08,NA,9/14/14,NA,NA,NA,NA,NA,NA,NA,serena.s,tr,NA,NA,NA,NA,low,NA,NA,NA,2012,old,4,0.6,Q3,3,NA,NA,NA,NA,NA,NA,NA,NA,NA,NA,5.74375
35,bbc,adult,1,73.69635329,73.69045029,358,6/26/07,f,lactating,54.6,73,75,33,NA,NA,7.5,NA,NA,11/16/11,NA,NA,NA,NA,unk,NA,NA,fig.tree,NA,NA,NA,NA,NA,NA,NA,149,NA,2007,old,NA,NA,NA,NA,NA,NA,NA,NA,NA,NA,NA,NA,NA,NA,0.74375
36,bca,adult,1,77.37231569,77.40209343,794,10/29/09,m,ok,64.8,60,57,45.4,NA,NA,7.9,9/21/02,NA,8/7/11,NA,NA,NA,NA,NA,NA,NA,talek,tk,NA,NA,NA,NA,NA,NA,128,NA,2009,old,NA,NA,NA,NA,NA,NA,NA,NA,NA,NA,NA,NA,NA,NA,2.74375
37,bel,adult,2,79.33040024,79.32466193,902,10/30/07,f,lactating,66.6,62,63.5,42.95,NA,NA,7.55,8/3/06,NA,4/10/10,NA,NA,NA,NA,unk,NA,NA,fig.tree,NA,NA,NA,NA,NA,NA,NA,64.5,NA,2006,old,NA,NA,NA,NA,NA,NA,NA,NA,NA,NA,NA,NA,NA,NA,-0.25625
47,bp,adult,1,80.29816562,80.22811589,178,7/15/97,m,ok,49.5,59,58,NA,NA,NA,NA,6/18/96,NA,4/15/02,NA,NA,NA,NA,NA,NA,NA,talek,tk,NA,NA,NA,NA,NA,NA,54,NA,1997,old,NA,NA,NA,NA,NA,NA,NA,NA,NA,NA,NA,NA,NA,NA,-9.25625
50,brno,adult,1,77.40694567,77.40322183,670,3/4/14,m,unk,50.2,64,67,39.5,NA,NA,NA,7/14/12,NA,12/24/14,NA,NA,NA,NA,NA,NA,NA,talek,NA,NA,NA,NA,NA,NA,NA,NA,NA,2014,old,NA,NA,NA,NA,NA,NA,NA,NA,NA,NA,NA,NA,NA,NA,7.74375
59,cash,cub,1,80.3415481,80.34013911,879,1/26/04,f,bado,31.7,86,86,34.5,NA,NA,NA,4/14/03,10/3/03,NA,chip,2/16/03,1,1,NA,NA,NA,mara.river,NA,NA,NA,NA,NA,low,twin,11.3,2003,2004,old,NA,NA,NA,NA,NA,NA,NA,NA,NA,NA,NA,NA,NA,NA,-2.25625
60,ccp,subadult,1,76.88393402,76.86274708,735,11/1/08,m,ok,49,64,61,40.1,NA,NA,6.5,9/13/08,NA,3/25/12,NA,NA,NA,NA,NA,NA,NA,talek,NA,NA,NA,NA,NA,NA,NA,24,NA,2008,old,NA,NA,NA,NA,NA,NA,NA,NA,NA,NA,NA,NA,NA,NA,1.74375
61,chac,adult,1,79.94543523,79.94435057,477,9/6/02,f,bado,56.2,68,71,37.5,NA,NA,7.2,6/5/01,NA,1/2/03,mlt?,1/5/00,NA,NA,NA,NA,NA,mara.river,NA,NA,NA,NA,NA,low,NA,32,2000,2002,old,NA,NA,NA,NA,NA,NA,NA,NA,NA,NA,NA,NA,NA,NA,-4.25625
62,chac,cub,1,76.43072896,76.42820409,477,7/15/00,f,bado,33.8,78,85,36,11225,5365000,6.2,6/5/01,NA,1/2/03,mlt?,1/5/00,NA,NA,NA,NA,NA,mara.river,NA,NA,NA,NA,NA,low,NA,6.3,2000,2000,old,NA,NA,NA,NA,NA,NA,NA,NA,NA,NA,NA,NA,NA,NA,-6.25625
65,chip,adult,3,75.93713617,75.91284996,428,8/2/05,f,lactating,NA,76.33333333,73.33333333,29.54666667,NA,NA,6.9,6/13/01,NA,12/13/09,NA,NA,NA,NA,lion,12/13/09,NA,mara.river,NA,NA,NA,NA,NA,low,NA,115,NA,2000,old,NA,NA,NA,NA,NA,NA,NA,NA,NA,NA,NA,NA,NA,NA,-6.25625
68,chrm,adult,1,72.32625769,72.30185973,418,6/2/00,f,lactating,NA,55,60,33.5,8375,4340000,8.3,6/24/01,NA,6/16/02,NA,NA,NA,NA,NA,6/11/02,NA,mara.river,NA,NA,NA,NA,NA,low,NA,197,NA,2000,old,NA,NA,NA,NA,NA,NA,NA,NA,NA,NA,NA,NA,NA,NA,-6.25625
72,clov,adult,2,77.9185459,77.90705165,1092,11/24/13,f,active,57.6,71,67,34.15,NA,NA,NA,11/25/08,NA,8/24/16,NA,NA,NA,NA,NA,NA,NA,serena.s,tr,NA,NA,NA,NA,low,NA,NA,NA,2015,old,NA,NA,NA,NA,NA,NA,NA,NA,NA,NA,NA,NA,NA,NA,8.74375
73,cmta,adult,1,77.82808467,77.78011209,360,12/4/08,f,lactating,56.4,62,62,41.5,NA,NA,6.9,4/27/07,NA,3/9/12,NA,NA,NA,NA,unk,3/26/12,NA,fig.tree,NA,NA,NA,NA,NA,NA,NA,57,NA,2008,old,NA,NA,NA,NA,NA,NA,NA,NA,NA,NA,NA,NA,NA,NA,1.74375
76,coch,adult,1,69.79357282,69.72352309,25,9/5/94,f,lactating,71.4,NA,NA,NA,NA,NA,NA,2/1/85,NA,9/3/95,NA,2/1/85,NA,NA,lions,NA,NA,talek,tk,NA,NA,NA,NA,low,NA,115.1,1985,1994,old,8,0.416666667,Q3,3,NA,NA,NA,NA,NA,NA,NA,NA,NA,NA,-12.25625
77,com,adult,2,76.61062863,76.61512264,883,12/26/05,f,bado,51.95,69,81,33.5,NA,NA,NA,6/3/01,NA,NA,atar,11/4/00,1,NA,NA,NA,NA,mara.river,NA,NA,NA,NA,NA,low,NA,61.7,2000,2002,old,NA,NA,NA,NA,NA,NA,NA,NA,NA,NA,NA,NA,NA,NA,-4.25625
87,dal,adult,1,75.63102841,75.63873275,359,3/20/02,m,okay,47.2,52,56,48.9,21200,12420000,8.3,12/10/01,NA,2/6/03,NA,NA,NA,NA,NA,NA,NA,talek,tk,NA,NA,NA,NA,NA,NA,60,NA,2002,old,NA,NA,NA,NA,NA,NA,NA,NA,NA,NA,NA,NA,NA,NA,-4.25625
90,day,adult,1,77.51880568,77.51410905,317,6/9/01,m,ok,37.72,73,70,42.28,10050,8060000,7.4,4/3/00,NA,8/4/06,NA,NA,NA,NA,NA,NA,NA,talek,tk,NA,NA,NA,NA,NA,NA,37,NA,2001,old,NA,NA,NA,NA,NA,NA,NA,NA,NA,NA,NA,NA,NA,NA,-5.25625
93,det,adult,1,79.22287586,79.22721451,734,7/16/04,m,ok,45.4,54,53,43.3,NA,NA,6.5,2/21/04,NA,8/13/05,NA,NA,NA,NA,NA,NA,NA,talek,NA,NA,NA,NA,NA,NA,NA,44,NA,2004,old,NA,NA,NA,NA,NA,NA,NA,NA,NA,NA,NA,NA,NA,NA,-2.25625
94,digs,adult,2,77.35234743,77.34169114,1048,2/5/14,f,lactating,NA,83.5,NA,34.295,NA,NA,NA,7/24/08,NA,3/31/15,NA,NA,NA,NA,NA,8/3/15,NA,serena.n,tr,NA,NA,NA,NA,low,NA,NA,NA,2014,old,5,0.5,Q3,3,NA,NA,NA,NA,NA,NA,NA,NA,NA,NA,7.74375
98,dow,subadult,1,75.41891617,75.43205353,336,8/5/01,m,bado,30.2,66,59,34.7,18475,5400000,6.8,5/22/01,NA,12/16/01,NA,NA,NA,NA,NA,NA,NA,talek,tk,NA,NA,NA,NA,NA,NA,13,NA,2001,old,NA,NA,NA,NA,NA,NA,NA,NA,NA,NA,NA,NA,NA,NA,-5.25625
101,dsn,adult,1,76.69606764,76.71532849,886,12/13/08,f,lactating,67.6,62,66,32,NA,NA,7.1,7/25/01,NA,NA,NA,NA,NA,NA,NA,NA,NA,mara.river,NA,NA,NA,NA,NA,low,NA,105,NA,2008,old,NA,NA,NA,NA,NA,NA,NA,NA,NA,NA,NA,NA,NA,NA,1.74375
103,dub,adult,1,76.63172255,76.58357042,269,10/19/99,m,NA,50.7,82,78,NA,NA,NA,NA,2/27/99,NA,6/4/16,NA,NA,NA,NA,lions,6/5/16,NA,talek,tk,NA,NA,NA,NA,NA,NA,68,NA,1999,old,NA,NA,NA,NA,NA,NA,NA,NA,NA,NA,NA,NA,NA,NA,-7.25625
104,eco,adult,3,75.86940537,75.8759085,486,2/28/02,f,pregnant,59.3,74,NA,31.27,NA,NA,NA,8/9/01,NA,2/25/06,NA,NA,NA,NA,lions,2/25/06,NA,mara.river,NA,NA,NA,NA,NA,low,NA,47.3,NA,2003,old,NA,NA,NA,NA,NA,NA,NA,NA,NA,NA,NA,NA,NA,NA,-3.25625
105,ein,adult,1,79.43279459,79.45804332,371,12/20/11,f,lactating,63.2,NA,70,2.45,NA,NA,7.2,5/6/07,NA,NA,bel,4/30/06,1,NA,NA,NA,NA,fig.tree,NA,NA,NA,NA,NA,med,NA,67.7,2006,2011,old,NA,NA,NA,NA,0.221372175,-0.380366756,0.003072085,-0.27172742,-1.267510219,12,8,10,12,11,4.74375
106,ein,subadult,1,78.3918916,78.39561544,371,6/24/07,f,bado,30,61,61,35.2,NA,NA,6.8,5/6/07,NA,NA,bel,4/30/06,1,NA,NA,NA,NA,fig.tree,NA,NA,NA,NA,NA,med,NA,13.8,2006,2007,old,NA,NA,NA,NA,0.221372175,-0.380366756,0.003072085,-0.27172742,-1.267510219,12,8,10,12,11,0.74375
107,ema,adult,3,77.52753169,77.50697686,1036,5/23/13,f,lactating,61.4,86.33333333,78,35.65,NA,NA,NA,6/27/08,NA,3/13/16,NA,NA,NA,NA,NA,NA,NA,serena.n,tr,NA,NA,NA,NA,low,NA,NA,NA,2012,old,15,-0.473684211,Q1 (lowest),1,NA,NA,NA,NA,NA,NA,NA,NA,NA,NA,5.74375
109,exc,adult,1,78.05054405,78.04078208,227,2/3/99,m,NA,40.5,54,NA,NA,NA,NA,NA,8/6/97,NA,10/11/00,NA,NA,NA,NA,NA,10/4/00,NA,talek,tk,NA,NA,NA,NA,NA,NA,54,NA,1999,old,NA,NA,NA,NA,NA,NA,NA,NA,NA,NA,NA,NA,NA,NA,-7.25625
110,f467,adult,2,76.40391262,76.36516391,467,7/11/00,f,not-lactating,NA,NA,NA,NA,NA,NA,NA,7/18/00,NA,NA,NA,NA,NA,NA,NA,NA,NA,NA,NA,NA,NA,NA,NA,NA,NA,NA,NA,2000,old,NA,NA,NA,NA,NA,NA,NA,NA,NA,NA,NA,NA,NA,NA,-6.25625
121,gob,adult,1,74.56595325,74.52776418,167,7/17/97,m,ok,44.1,56,53,NA,NA,NA,NA,5/7/96,NA,6/9/02,NA,NA,NA,NA,NA,NA,NA,talek,tk,NA,NA,NA,NA,NA,NA,44,NA,1997,old,NA,NA,NA,NA,NA,NA,NA,NA,NA,NA,NA,NA,NA,NA,-9.25625
122,gofa,subadult,1,71.77965346,71.77236718,574,5/4/15,f,bado,37.8,79,NA,34.97,NA,NA,NA,1/15/14,NA,NA,bora,12/8/13,1,1,NA,NA,NA,talek,NA,NA,NA,NA,NA,hi,twin,16.8,2013,2015,old,NA,NA,NA,NA,NA,NA,NA,NA,NA,NA,NA,NA,NA,NA,8.74375
126,goog,cub,1,77.52110198,77.50483204,809,11/18/09,f,bado,34.8,80,78,33.82,NA,NA,6.8,NA,NA,NA,NA,NA,NA,NA,NA,NA,NA,NA,NA,NA,NA,NA,NA,NA,NA,12,NA,2009,old,NA,NA,NA,NA,NA,NA,NA,NA,NA,NA,NA,NA,NA,NA,2.74375
127,gsmk,subadult,1,76.47960893,76.36900591,660,5/24/13,f,bado,36.2,74,NA,34.19,NA,NA,NA,1/10/12,7/18/12,8/17/13,sbl,12/2/11,1,2,NA,NA,10/13/12,talek,NA,NA,NA,NA,NA,hi,twin,17.7,2011,2013,old,NA,NA,NA,NA,-0.625211721,0.233212392,0.192495098,-0.377085929,0.383950887,14,18,18,16,11,6.74375
142,hrlm,adult,2,78.07687141,78.11745343,765,5/3/07,m,ok,51.2,75.5,75,43.505,NA,NA,7.4,10/4/04,NA,8/26/13,NA,NA,NA,NA,NA,NA,NA,talek,tk,NA,NA,NA,NA,NA,NA,59,NA,2005,old,NA,NA,NA,NA,NA,NA,NA,NA,NA,NA,NA,NA,NA,NA,-1.25625
147,hum,subadult,1,75.25372437,75.32178777,799,3/29/06,m,bado,36.8,53,57,30,NA,NA,7.6,12/3/04,9/24/05,7/8/06,mp,10/30/04,1,1,humans,7/7/06,8/29/05,talek,NA,NA,NA,NA,NA,med,twin,16.9,2004,2006,old,NA,NA,NA,NA,-1.432286024,-1.02970186,-0.981636006,-0.794239345,-1.260591275,12,12,12,12,10,-0.25625
149,ill,adult,1,74.01930922,74.03232518,926,10/11/09,m,ok,58.2,69,75,46.71,NA,NA,7,6/11/09,NA,NA,NA,NA,NA,NA,NA,NA,NA,fig.tree,NA,NA,NA,NA,NA,NA,NA,44,NA,2009,old,NA,NA,NA,NA,NA,NA,NA,NA,NA,NA,NA,NA,NA,NA,2.74375
151,java,adult,3,79.1477008,79.15727852,1074,9/29/13,f,lactating,62.96666667,67.33333333,NA,NA,NA,NA,NA,11/17/08,NA,11/26/17,NA,NA,NA,NA,NA,11/26/17,NA,serena.s,tr,NA,NA,NA,NA,low,NA,NA,NA,2015,old,NA,NA,NA,NA,NA,NA,NA,NA,NA,NA,NA,NA,NA,NA,8.74375
158,juba,adult,1,73.61085595,73.62278724,327,10/26/08,m,ok,54.8,80,71,42,NA,NA,7.8,10/31/06,NA,NA,NA,NA,NA,NA,NA,NA,NA,fig.tree,tk,NA,NA,NA,NA,NA,NA,37,NA,2008,old,NA,NA,NA,NA,NA,NA,NA,NA,NA,NA,NA,NA,NA,NA,1.74375
170,kto,adult,1,78.65132958,78.67685335,760,8/10/08,m,ok,53,65,77,41,NA,NA,7.7,8/25/03,NA,9/24/15,NA,NA,NA,NA,NA,NA,NA,talek,tk,NA,NA,NA,NA,NA,NA,118,NA,2008,old,NA,NA,NA,NA,NA,NA,NA,NA,NA,NA,NA,NA,NA,NA,1.74375
171,lamu,adult,1,80.42434988,80.42033959,638,7/8/14,m,ok,60.2,54,56,43.89,NA,NA,NA,11/13/11,NA,5/5/16,NA,NA,NA,NA,NA,NA,NA,talek,NA,NA,NA,NA,NA,NA,NA,NA,NA,2014,old,NA,NA,NA,NA,NA,NA,NA,NA,NA,NA,NA,NA,NA,NA,7.74375
182,mali,NA,1,74.73409564,74.71223679,213,5/22/12,NA,NA,NA,NA,NA,NA,NA,NA,NA,NA,NA,NA,NA,NA,NA,NA,NA,NA,NA,NA,NA,NA,NA,NA,NA,NA,NA,NA,NA,2012,old,NA,NA,NA,NA,0.099912416,-0.009615679,0.589773161,3.04009235,3.414308633,12,12,12,12,10,5.74375
190,mig,adult,2,77.65949185,77.64904067,126,9/11/04,m,ok,43.35,61,64.5,35,NA,NA,NA,9/6/94,NA,2/2/10,NA,NA,NA,NA,NA,NA,NA,talek,tk,NA,NA,NA,NA,NA,NA,106,NA,2008,old,NA,NA,NA,NA,NA,NA,NA,NA,NA,NA,NA,NA,NA,NA,1.74375
191,mino,cub,1,78.22204538,78.21975379,651,6/14/12,m,bado,14.8,NA,NA,32.855,NA,NA,6.8,12/11/11,6/22/12,11/20/14,pan,10/16/11,1,1,NA,NA,11/29/12,talek,NA,NA,NA,NA,NA,hi,twin,8,2011,2012,old,NA,NA,NA,NA,-0.230272108,-0.63577884,0.060242637,-0.036218915,-0.376284322,18,16,18,13,14,5.74375
192,mls,adult,1,70.51344157,70.49434704,876,9/10/06,f,NA,56.8,78,69,40,NA,NA,7.8,11/26/02,NA,NA,wnd,11/6/02,1,1,NA,NA,NA,mara.river,NA,NA,NA,NA,NA,low,twin,46.1,2002,2006,old,NA,NA,NA,NA,NA,NA,NA,NA,NA,NA,NA,NA,NA,NA,-0.25625
202,mtn,adult,4,75.31830625,75.29465769,1021,12/24/13,f,active,60.25,65.5,67.5,37.6125,NA,NA,NA,4/1/09,NA,NA,NA,NA,NA,NA,NA,NA,NA,serena.s,tr,NA,NA,NA,NA,low,NA,NA,NA,2015,old,NA,NA,NA,NA,NA,NA,NA,NA,NA,NA,NA,NA,NA,NA,8.74375
203,nana,adult,2,75.14271231,75.14068038,384,7/30/02,f,"lactating, not pregnant",52.8,NA,72.5,31,NA,NA,NA,7/27/01,NA,8/9/09,NA,NA,NA,NA,NA,NA,NA,mara.river,NA,NA,NA,NA,NA,low,NA,89,NA,2003,old,NA,NA,NA,NA,NA,NA,NA,NA,NA,NA,NA,NA,NA,NA,-3.25625
206,nick,adult,1,75.54091447,75.51839328,226,8/29/01,m,NA,48.6,52,54,38.9,17500,6280000,7,9/9/97,NA,7/31/06,NA,NA,NA,NA,NA,NA,NA,talek,tk,NA,NA,NA,NA,NA,NA,103,NA,2001,old,NA,NA,NA,NA,NA,NA,NA,NA,NA,NA,NA,NA,NA,NA,-5.25625
211,oak,adult,2,76.44353398,76.43822492,740,4/23/07,m,ok,51.6,75.5,73.5,29.35,NA,NA,7.2,10/7/04,NA,5/29/14,NA,NA,NA,NA,NA,NA,NA,talek,NA,NA,NA,NA,NA,NA,NA,62,NA,2004,old,NA,NA,NA,NA,NA,NA,NA,NA,NA,NA,NA,NA,NA,NA,-2.25625
221,oscr,adult,2,74.21710449,74.2253063,775,2/5/08,f,lactating,60.5,71.5,68.5,38.7,NA,NA,6.35,10/31/04,NA,NA,mre,10/25/04,1,1,NA,NA,NA,mara.river,NA,NA,NA,NA,NA,low,twin,39.4,2004,2008,old,NA,NA,NA,NA,NA,NA,NA,NA,NA,NA,NA,NA,NA,NA,1.74375
222,osl,adult,1,71.11655131,71.08740617,366,2/12/03,m,NA,51,53,57,42.9,NA,NA,7.4,9/19/02,NA,7/4/04,NA,NA,NA,NA,NA,NA,NA,talek,NA,NA,NA,NA,NA,NA,NA,41,NA,2003,old,NA,NA,NA,NA,NA,NA,NA,NA,NA,NA,NA,NA,NA,NA,-3.25625
227,pces,subadult,1,77.78915356,77.79910403,546,8/9/15,f,bado,43.4,63,65,36.18,NA,NA,NA,5/21/14,NA,NA,twst,12/2/13,1,1,NA,NA,NA,talek,NA,NA,NA,NA,NA,hi,twin,20.2,2013,2015,old,NA,NA,NA,NA,NA,NA,NA,NA,NA,NA,NA,NA,NA,NA,8.74375
228,peep,adult,2,74.4174331,74.31792838,1015,6/30/12,f,lactating,55.6,92,97,39.55,NA,NA,NA,8/1/08,NA,2/5/13,NA,NA,NA,NA,NA,NA,NA,serena.n,tr,NA,NA,NA,NA,low,NA,NA,NA,2012,old,14,-0.444444444,Q1 (lowest),1,NA,NA,NA,NA,NA,NA,NA,NA,NA,NA,5.74375
232,pike,adult,1,75.59275776,75.47335209,1008,5/17/15,f,active,64.5,56,64,40.2,NA,NA,NA,6/30/08,NA,NA,koi,10/30/07,NA,NA,NA,NA,NA,happy.zebra,tr,NA,NA,NA,NA,low,NA,90.5,2007,2015,old,NA,NA,NA,NA,NA,NA,NA,NA,NA,NA,NA,NA,NA,NA,8.74375
233,pisa,adult,1,75.80306181,75.77491032,277,8/19/01,m,okay,53.8,61,61,41,15850,6390000,7.6,8/14/99,NA,5/14/08,NA,NA,NA,NA,NA,NA,NA,talek,tk,NA,NA,NA,NA,NA,NA,92,NA,2001,old,NA,NA,NA,NA,NA,NA,NA,NA,NA,NA,NA,NA,NA,NA,-5.25625
235,port,adult,1,77.29483874,77.24278998,368,6/16/04,m,ok,57,65,61,30.5,NA,NA,7.7,9/8/03,NA,4/20/05,NA,NA,NA,NA,NA,1/26/05,NA,talek,NA,NA,NA,NA,NA,NA,NA,44,NA,2004,old,NA,NA,NA,NA,NA,NA,NA,NA,NA,NA,NA,NA,NA,NA,-2.25625
246,roh,adult,2,76.10293657,76.10029599,663,4/27/14,f,lactating,69.2,53,60.5,44.1,NA,NA,NA,5/2/07,NA,NA,arw,12/1/06,0,NA,NA,NA,NA,fig.tree,NA,NA,NA,NA,NA,med,single,88.8,2006,2015,old,NA,NA,NA,NA,0.973695795,0.882694365,0.477306501,-0.937495786,0.372535794,14,13,7,11,12,8.74375
259,shrm,adult,1,77.99378874,77.98801048,1088,2/8/13,f,lactating,57.6,87,NA,25.73,NA,NA,NA,6/27/08,NA,10/16/16,NA,NA,NA,NA,NA,10/16/16,NA,serena.n,tr,NA,NA,NA,NA,low,NA,NA,NA,2013,old,5,0.555555556,Q3,3,NA,NA,NA,NA,NA,NA,NA,NA,NA,NA,6.74375
262,slin,adult,1,74.76355237,74.70557401,1009,7/22/12,f,lactating,47.8,67,71,63.78,NA,NA,NA,11/17/08,NA,NA,NA,NA,NA,NA,NA,NA,NA,serena.s,tr,NA,NA,NA,NA,low,NA,NA,NA,2012,old,2,0.866666667,Q4,4,NA,NA,NA,NA,NA,NA,NA,NA,NA,NA,5.74375
263,slm,adult,1,72.04183105,71.97178132,472,5/18/04,m,ok,41.8,NA,NA,NA,NA,NA,6.4,7/7/00,NA,3/26/08,NA,NA,NA,NA,croc?,NA,NA,talek,NA,NA,NA,NA,NA,NA,NA,86,NA,2004,old,NA,NA,NA,NA,NA,NA,NA,NA,NA,NA,NA,NA,NA,NA,-2.25625
268,stg,adult,1,68.01384454,67.99475001,164,7/2/97,m,ok,48.9,NA,NA,NA,NA,NA,NA,1/30/95,NA,9/20/99,NA,NA,NA,NA,NA,NA,NA,talek,tk,NA,NA,NA,NA,NA,NA,NA,NA,1997,old,NA,NA,NA,NA,NA,NA,NA,NA,NA,NA,NA,NA,NA,NA,-9.25625
269,stl,adult,1,81.07384261,81.0504927,762,9/9/05,m,ok,NA,NA,NA,46,NA,NA,7.9,10/24/04,NA,11/28/05,NA,NA,NA,NA,NA,NA,NA,talek,NA,NA,NA,NA,NA,NA,NA,NA,NA,2005,old,NA,NA,NA,NA,NA,NA,NA,NA,NA,NA,NA,NA,NA,NA,-1.25625
270,styr,subadult,1,74.18162641,74.18219931,675,6/1/13,f,bado,35.4,85,84,37.19,NA,NA,NA,12/11/11,6/29/12,NA,pan,10/16/11,1,2,NA,NA,10/27/12,talek,NA,NA,NA,NA,NA,hi,twin,19.5,2011,2013,old,NA,NA,NA,NA,-0.230272108,-0.63577884,0.060242637,-0.036218915,-0.376284322,18,16,18,13,14,6.74375
276,taj,adult,2,78.37061197,78.35592399,1071,11/19/13,f,lactating,65.7,72,70,37.87,NA,NA,NA,11/23/08,NA,NA,NA,NA,NA,NA,NA,NA,NA,serena.s,tr,NA,NA,NA,NA,low,NA,NA,NA,2015,old,NA,NA,NA,NA,NA,NA,NA,NA,NA,NA,NA,NA,NA,NA,8.74375
292,tz,adult,1,75.57034218,75.57624518,105,8/11/93,m,mature,45.2,NA,NA,NA,NA,NA,NA,7/5/93,NA,2/18/00,NA,NA,NA,NA,NA,NA,NA,talek,tk,NA,NA,NA,NA,NA,NA,35,NA,1993,old,NA,NA,NA,NA,NA,NA,NA,NA,NA,NA,NA,NA,NA,NA,-13.25625
293,ua,adult,1,75.40200292,75.35192471,36,3/1/96,f,still nursing amar and kon (born 1-25-95),58.6,NA,NA,NA,NA,NA,NA,8/1/87,NA,5/5/01,79,3/1/87,0,1,lions,NA,8/19/88,talek,tk,NA,NA,NA,NA,low,single,108,1987,1996,old,17,-0.185185185,Q1 (lowest),1,NA,NA,NA,NA,NA,NA,NA,NA,NA,NA,-10.25625
297,vgs,adult,2,76.87070858,76.89043608,225,8/25/01,m,NA,47.45,NA,NA,NA,NA,NA,NA,8/18/97,NA,1/25/06,NA,NA,NA,NA,snakebite?,1/23/06,NA,talek,tk,NA,NA,NA,NA,NA,NA,63.5,NA,2004,old,NA,NA,NA,NA,NA,NA,NA,NA,NA,NA,NA,NA,NA,NA,-2.25625
299,wafl,adult,5,78.00648233,77.99648487,1022,1/29/13,f,active,65.76,76.2,76.4,36.458,NA,NA,NA,7/24/08,NA,NA,NA,NA,NA,NA,NA,NA,NA,serena.n,tr,NA,NA,NA,NA,low,NA,NA,NA,2015,old,NA,NA,NA,NA,NA,NA,NA,NA,NA,NA,NA,NA,NA,NA,8.74375
303,wlg,adult,2,76.77797098,76.77508185,766,7/3/07,m,ok,51.1,NA,NA,36.915,NA,NA,6.65,12/1/04,NA,4/10/14,NA,NA,NA,NA,humans (poison - april 2014),4/12/14,NA,talek,tk,NA,NA,NA,NA,NA,NA,57,NA,2005,old,NA,NA,NA,NA,NA,NA,NA,NA,NA,NA,NA,NA,NA,NA,-1.25625
304,wnd,adult,1,73.89135277,73.87225824,446,6/17/00,f,lactating,NA,67,65,40.5,18925,6010000,6.8,5/9/01,NA,5/27/06,NA,NA,NA,NA,lions,5/27/06,NA,mara.river,NA,NA,NA,NA,NA,low,NA,44,NA,2000,old,NA,NA,NA,NA,NA,NA,NA,NA,NA,NA,NA,NA,NA,NA,-6.25625
310,yaz,subadult,1,78.33793128,78.35280235,821,6/15/10,m,bado,44,69,61,37.6,NA,NA,6.8,6/3/09,6/24/09,11/21/11,aqua,12/1/08,0,NA,NA,NA,12/20/09,talek,tk,NA,NA,NA,NA,med,single,18.4,2008,2010,old,NA,NA,NA,NA,NA,-0.205045077,-1.077545074,0.061162556,0.399442799,NA,13,10,13,18,3.74375
320,zoey,adult,4,76.34638642,76.34552707,1005,8/23/12,f,lactating,59.5,93.5,86.5,34.3995,NA,NA,NA,6/27/08,NA,3/26/13,digs,NA,NA,NA,NA,NA,NA,serena.n,tr,NA,NA,NA,NA,low,NA,NA,NA,2012,old,2,0.888888889,Q4,4,NA,NA,NA,NA,NA,NA,NA,NA,NA,NA,5.74375
9,alls,subadult,1,76.02867007,76.05494479,673,2/28/13,f,bado,29,54,NA,43,NA,NA,NA,1/6/12,7/4/12,5/4/13,hex,11/16/11,1,1,NA,NA,9/23/12,talek,NA,30,-0.757575758,Q1 (lowest),1,hi,twin,15.4,2011,2013,old,NA,NA,NA,NA,-0.626618591,-0.252790894,0.293506821,-0.387506002,0.111336501,14,18,18,13,14,6.74375
13,ani,subadult,1,74.40947996,74.41041929,316,5/11/01,f,bado,36.12,46,46,36.5,17125,9510000,7.2,12/5/99,7/3/00,5/11/01,bail,11/17/99,1,1,NA,NA,8/28/00,talek,tk,17,-0.454545455,Q1 (lowest),1,low,twin,17.8,1999,2001,old,NA,NA,NA,NA,-0.294831799,1.160957949,-0.748892501,-0.883718131,0.849174166,12,12,12,12,12,-5.25625
15,arg,adult,1,71.577803,71.58508928,780,12/8/08,f,bado,60.8,56,58,36.8,NA,NA,7.2,12/21/05,9/9/06,4/2/14,yog,11/25/05,0,NA,humans (poison - april 2014),4/3/14,8/13/06,talek,NA,12,-0.375,Q1 (lowest),1,med,single,36.4,2005,2008,old,14,-0.625,Q1 (lowest),1,-0.266381766,-0.138232977,-1.238747287,-0.827711039,-0.566646806,18,15,20,15,12,1.74375
16,arlo,cub,1,67.10265106,67.11954195,354,11/13/01,m,bado,26,NA,NA,36,21200,4795000,6.8,1/14/01,8/18/01,11/13/01,bail,12/1/00,0,NA,NA,NA,NA,talek,tk,20,-0.583333333,Q1 (lowest),1,med,single,11.4,2000,2001,old,NA,NA,NA,NA,1.131265211,0.460741277,0.097731524,-0.450290465,1.202443006,14,14,12,14,14,-5.25625
23,avce,subadult,1,79.17708557,79.17191927,611,5/31/11,f,bado,34,NA,69,26.19,NA,NA,6.8,6/4/10,1/10/11,5/27/13,arg,2/26/10,1,2,NA,NA,1/25/11,talek,tk,23,-0.62962963,Q1 (lowest),1,hi,twin,15.1,2010,2011,old,NA,NA,NA,NA,1.640510697,0.323569329,1.429524223,-0.32277925,-1.020862674,17,21,15,21,12,4.74375
27,baez,adult,1,76.34151371,76.3434398,763,5/19/12,f,pregnant?,55.2,55,56,37.89,NA,NA,6.9,2/13/05,7/2/05,NA,bail,10/16/04,1,1,NA,NA,8/5/05,talek,NA,16,-1,Q1 (lowest),1,med,twin,91.1,2004,2012,old,36,-0.707317073,Q2,2,-1.416575978,-1.229468146,-1.054382298,-0.749973385,-1.291854652,14,11,14,14,12,5.74375
28,baez,subadult,2,72.4171951,72.41989892,763,3/18/06,f,bado,34.4,61,52,36.875,NA,NA,6.65,2/13/05,7/2/05,NA,bail,10/16/04,1,1,NA,NA,8/5/05,talek,NA,16,-1,Q1 (lowest),1,med,twin,17,2004,2006,old,16,-0.875,Q2,2,-1.416575978,-1.229468146,-1.054382298,-0.749973385,-1.291854652,14,11,14,14,12,-0.25625
33,bass,cub,1,75.20829745,75.21087549,319,6/23/01,f,bado,17.66,64,57,37.3,13700,5465000,7,7/26/00,3/18/01,6/22/01,amar,6/25/00,1,1,NA,NA,NA,talek,tk,19,-0.5,Q1 (lowest),1,med,twin,11.9,2000,2001,old,NA,NA,NA,NA,-0.646736829,-0.231962182,-0.748892501,1.505144528,-0.286685826,10,12,12,12,12,-5.25625
34,bata,subadult,1,76.73770466,76.76773291,665,6/2/13,m,bado,37.8,63,NA,37.1,NA,NA,NA,1/6/12,6/29/12,12/20/13,hex,11/16/11,1,2,NA,NA,9/23/12,talek,NA,30,-0.757575758,Q1 (lowest),1,hi,twin,18.5,2011,2013,old,NA,NA,NA,NA,-0.626618591,-0.252790894,0.293506821,-0.387506002,0.111336501,14,18,18,13,14,6.74375
39,birk,cub,1,76.50513549,76.52231516,547,6/30/14,m,bado,33.4,78,80,41.86,NA,NA,NA,8/23/13,4/23/14,2/1/16,hex,7/21/13,1,NA,NA,NA,NA,talek,tk,37,-0.75,Q1 (lowest),1,hi,NA,11.3,2013,2014,old,NA,NA,NA,NA,NA,NA,NA,NA,NA,NA,NA,NA,NA,NA,7.74375
41,bm,adult,1,77.0054391,76.9941785,221,7/27/97,f,"lactating, no milk expressed",49.8,69,72,NA,NA,NA,NA,8/1/89,4/16/90,10/11/00,23s,7/17/89,1,2,NA,NA,8/25/90,talek,tk,17,-0.6,Q1 (lowest),1,low,twin,96.3,1989,1997,old,22,-0.68,Q2,2,-0.986660018,-0.309549135,-0.14594624,-0.354578148,-0.079117503,12,12,12,12,12,-9.25625
51,bsl,subadult,1,77.1972763,77.19962462,750,11/6/04,f,bado,41.2,63,68,36,NA,NA,7.4,7/28/03,12/14/03,7/19/06,whh,2/20/03,NA,NA,NA,NA,1/27/04,talek,NA,13,-0.846153846,Q1 (lowest),1,med,NA,20.5,2003,2004,old,NA,NA,NA,NA,-1.297695481,0.19242283,-1.196416086,-0.657443587,-0.78959056,12,12,12,9,12,-2.25625
58,cart,subadult,1,76.58615443,76.55333109,357,6/25/07,f,bado,40.4,64,62,21.4,NA,NA,7.8,1/30/06,9/14/06,NA,nav,12/7/05,0,NA,NA,NA,11/12/06,talek,NA,15,-0.75,Q1 (lowest),1,med,single,18.6,2005,2007,old,NA,NA,NA,NA,-0.1651653,-0.159061689,-1.221877288,-0.917410761,-0.476858229,18,15,20,15,13,0.74375
63,chad,cub,1,75.64914741,75.65853124,348,9/4/01,m,bado,20.2,68,65,33.8,20750,5790000,6.2,5/20/01,7/24/01,9/9/01,cr,12/24/00,1,2,NA,NA,NA,talek,tk,21,NA,Q1 (lowest),NA,med,twin,8.3,2000,2001,old,NA,NA,NA,NA,1.385087969,0.27313409,0.027439861,-0.516855108,-0.812653707,12,12,12,10,12,-5.25625
64,chco,subadult,1,77.62252074,77.56296527,694,1/20/15,f,bado,48.4,56,58,38.2,NA,NA,NA,2/12/13,12/26/13,NA,ffl,1/22/13,NA,NA,NA,NA,11/17/13,talek,tk,28,-0.35,Q1 (lowest),1,hi,NA,23.9,2013,2015,old,NA,NA,NA,NA,NA,NA,NA,-0.061838909,0.545349236,NA,NA,NA,12,16,8.74375
67,chob,subadult,1,78.75356838,78.74605377,328,6/19/01,m,bado,33.68,69,72,35.21,17200,6600000,7.5,12/30/99,3/29/01,9/21/02,par,11/30/99,0,NA,NA,NA,3/11/00,talek,tk,20,-0.727272727,Q1 (lowest),1,low,single,18.6,1999,2001,old,NA,NA,NA,NA,-0.294831799,1.160957949,-0.748892501,-0.883718131,0.849174166,12,12,12,12,12,-5.25625
75,cnti,subadult,1,76.33740504,76.34257134,714,7/11/03,f,bado,26.8,72,78,34.2,NA,NA,6.5,6/18/02,4/9/03,5/30/11,hml,5/15/02,1,NA,NA,NA,8/14/03,talek,tk,10,-0.5,Q1 (lowest),1,med,NA,13.9,2002,2003,old,NA,NA,NA,NA,-1.000142521,-0.512581741,-0.318662897,-0.051660105,-0.402642204,14,11,14,14,10,-3.25625
96,dk,adult,1,75.57118636,75.59622547,544,6/26/14,f,lactating,66,48,80,36.58,NA,NA,NA,4/10/12,NA,NA,cart,3/10/11,1,NA,NA,NA,NA,talek,NA,34,-1,Q1 (lowest),1,hi,NA,39.6,2011,2014,old,NA,NA,NA,NA,0.730025947,-0.28856727,-0.545827698,-0.346661301,0.533977823,10,17,18,9,18,7.74375
112,foz,adult,1,76.97523861,76.98515266,265,5/12/01,m,bado,45.86,52,54,32.79,18000,8715000,7.2,3/23/98,10/21/98,4/12/11,hob,12/15/97,1,NA,lions,4/11/11,1/11/99,talek,tk,23,-0.76,Q1 (lowest),1,low,NA,40.9,1997,2001,old,NA,NA,NA,NA,-0.471440853,2.795491142,-0.013954118,-0.44239992,0.426990447,10,12,12,12,12,-5.25625
116,gdfi,subadult,1,76.375244,76.36894212,697,12/31/13,m,bado,38.2,42,61,37.07,NA,NA,NA,1/20/13,7/28/13,NA,roos,11/25/12,NA,NA,NA,NA,10/12/13,talek,tk,40,-0.902439024,Q1 (lowest),1,hi,NA,13.2,2012,2013,old,NA,NA,NA,NA,NA,NA,-0.395872151,-0.004211625,0.214754581,NA,NA,6,18,21,6.74375
123,gol,adult,1,76.32302972,76.27423381,89,9/26/00,f,pregnant,70.3,73,69,36.3,17575,4430000,9,7/20/91,4/7/92,3/15/01,es,7/20/91,1,1,humans (speared),3/14/01,10/1/92,talek,tk,17,-0.777777778,Q1 (lowest),1,low,twin,110.2,1991,2000,old,22,-0.75,Q2,2,-0.391671336,-0.458474427,1.21927405,-0.662230518,-0.676517076,12,12,12,12,8,-6.25625
124,gonz,cub,1,69.06256097,69.10084663,206,6/9/97,m,bado,22.5,NA,NA,NA,NA,NA,NA,10/3/96,5/13/97,3/20/99,hob,9/6/96,0,NA,NA,NA,9/15/97,talek,tk,25,-0.777777778,Q1 (lowest),1,low,single,9.1,1996,1997,old,NA,NA,NA,NA,-0.066684415,-0.020030035,0.823297685,5.178193472,0.918876122,12,12,12,12,10,-9.25625
130,gui,subadult,1,76.84060421,76.81788036,308,7/12/00,f,bado,36.8,64,67,32,18725,5615000,7,2/17/99,10/28/99,2/16/03,amar,2/12/99,1,1,humans,2/14/03,2/22/00,talek,tk,16,-0.363636364,Q1 (lowest),1,low,twin,17,1999,2000,old,NA,NA,NA,NA,0.308363623,-0.311111288,-0.351354098,-0.354578148,5.181842597,12,12,12,12,12,-6.25625
136,hex,adult,4,76.04019959,76.03897851,727,12/11/08,f,lactating,54.575,66.5,66,33.0675,NA,NA,7.025,4/24/03,11/7/03,4/13/16,bail,3/4/03,NA,NA,NA,NA,1/17/04,talek,NA,14,-1,Q1 (lowest),1,med,NA,69.3,2003,2010,old,28,-1,Q2,2,-0.467173348,-0.314756313,-1.283109136,-0.704576446,-0.719119833,12,12,12,9,12,3.74375
139,hob,cub,1,69.47061164,69.45290264,76,6/14/92,f,bado,19.8,NA,NA,NA,NA,NA,NA,7/20/91,4/7/92,5/6/99,es,7/20/91,1,2,NA,NA,10/1/92,talek,tk,17,-0.777777778,Q1 (lowest),1,low,twin,10.8,1991,1992,old,NA,NA,NA,NA,-0.391671336,-0.458474427,1.21927405,-0.662230518,-0.676517076,12,12,12,12,8,-14.25625
144,hrp,cub,1,77.27004396,77.28505809,331,6/5/01,f,bado,18.38,68,66,36.6,16075,5280000,6.8,7/23/00,3/18/01,1/6/06,amar,6/25/00,1,2,NA,NA,7/15/01,talek,tk,19,-0.5,Q1 (lowest),1,med,twin,11.3,2000,2001,old,NA,NA,NA,NA,-0.646736829,-0.231962182,-0.748892501,1.505144528,-0.286685826,10,12,12,12,12,-5.25625
150,jas,subadult,1,77.01991611,76.97754224,311,7/30/00,m,bado,33.4,63,62,35.5,11900,8800000,7.6,5/22/99,12/3/99,1/9/02,gol,4/17/99,1,1,NA,NA,7/9/00,talek,tk,19,-0.636363636,Q1 (lowest),1,low,twin,15.4,1999,2000,old,NA,NA,NA,NA,0.081857587,-0.862030727,0.208636147,-0.386061425,0.166248756,12,12,12,12,12,-6.25625
152,jc,subadult,1,77.62392498,77.60657037,791,3/26/06,m,bado,35.8,62,49,40,NA,NA,6.8,3/27/05,7/2/05,5/24/08,bail,10/16/04,1,2,NA,NA,7/30/05,talek,NA,16,-1,Q1 (lowest),1,med,twin,17.3,2004,2006,old,NA,NA,NA,NA,-1.416575978,-1.229468146,-1.054382298,-0.749973385,-1.291854652,14,11,14,14,12,-0.25625
153,jeff,adult,1,76.74931066,76.74273537,506,7/16/09,m,bado,50.8,65,67,37.32,NA,NA,6.7,10/13/07,NA,3/5/11,nav,3/2/07,NA,NA,NA,NA,7/24/08,talek,NA,15,-0.647058824,Q1 (lowest),1,med,NA,28.5,2007,2009,old,NA,NA,NA,NA,0.611278732,0.177113727,0.116049957,-0.288187098,-1.079839512,19,15,22,10,17,2.74375
157,jord,subadult,1,72.42151733,72.44483932,804,10/23/09,m,bado,30.6,63,58,35.29,NA,NA,6.4,8/11/08,5/4/09,7/5/11,ffl,7/20/08,1,2,NA,NA,7/14/09,talek,NA,12,-0.375,Q1 (lowest),1,med,twin,15.1,2008,2009,old,NA,NA,NA,NA,-1.079630664,-1.059278632,0.814155174,-0.20560929,0.091118808,7,5,17,17,11,2.74375
167,kryp,subadult,1,77.39102336,77.40341592,805,10/31/09,m,bado,52,54,56,45.4,NA,NA,7.7,4/13/08,9/16/08,7/22/10,yog,11/1/07,0,NA,NA,NA,8/28/08,talek,NA,14,-0.529411765,Q1 (lowest),1,med,single,24,2007,2009,old,NA,NA,NA,NA,0.242187453,-0.242621581,-0.810547018,1.179264997,-0.17508582,11,17,17,17,20,2.74375
176,lugi,subadult,1,78.21474593,78.20198404,565,12/8/14,f,bado,39,77,77,37.72,NA,NA,NA,3/18/14,NA,NA,cart,8/18/13,1,2,NA,NA,NA,talek,NA,42,-1,Q1 (lowest),1,hi,twin,15.7,2013,2014,old,NA,NA,NA,NA,NA,NA,NA,NA,NA,NA,NA,NA,NA,NA,7.74375
178,lust,subadult,1,75.00948972,75.03764121,676,3/14/13,f,bado,33.2,63,NA,27.36,NA,NA,NA,12/23/11,7/7/12,NA,arg,9/6/11,1,2,NA,NA,6/10/12,talek,NA,28,-0.636363636,Q1 (lowest),1,hi,twin,18.2,2011,2013,old,NA,NA,NA,NA,0.067359012,-0.561353388,-0.104357006,0.409747435,-0.646086534,18,14,16,10,18,6.74375
183,mca,adult,1,77.38377468,77.43056826,294,4/20/01,m,bado,50.78,59,59,37.06,21700,7770000,6.8,5/22/99,12/5/99,12/5/01,gol,4/17/99,1,2,NA,NA,4/13/00,talek,tk,19,-0.636363636,Q1 (lowest),1,low,twin,24.1,1999,2001,old,NA,NA,NA,NA,0.081857587,-0.862030727,0.208636147,-0.386061425,0.166248756,12,12,12,12,12,-5.25625
184,mchl,adult,1,74.90221994,74.79276474,1190,7/16/15,m,NA,55.7,NA,NA,37.11,NA,NA,NA,2/9/13,NA,8/31/16,ele,11/17/12,1,1,NA,NA,10/18/13,serena.n,NA,16,-0.578947368,Q1 (lowest),1,low,twin,31.9,2012,2015,old,NA,NA,NA,NA,NA,NA,NA,NA,-0.585882011,NA,NA,NA,1,2,8.74375
185,mdsn,cub,1,64.18512697,64.0915398,717,9/22/03,m,bado,19.8,76,75,33.1,NA,NA,6.8,1/6/03,9/22/03,12/23/04,nav,11/20/02,1,NA,NA,NA,2/11/04,talek,tk,12,-0.466666667,Q1 (lowest),1,med,NA,10.1,2002,2003,old,NA,NA,NA,NA,-1.392072996,-0.988044436,-0.685890344,-0.682114693,-0.467987788,12,12,9,12,12,-3.25625
187,merl,subadult,1,79.03663998,78.98559243,533,8/4/14,f,bado,39.6,72,65,59.5,NA,NA,NA,8/23/13,NA,NA,hex,7/21/13,1,NA,NA,NA,NA,talek,tk,37,-0.75,Q1 (lowest),1,hi,NA,12.5,2013,2014,old,NA,NA,NA,NA,NA,NA,NA,NA,NA,NA,NA,NA,NA,NA,7.74375
193,mnr,cub,1,74.64124219,74.59167194,718,10/4/03,m,NA,NA,NA,NA,NA,NA,NA,NA,1/6/03,10/2/03,11/2/08,nav,11/20/02,1,NA,NA,NA,2/10/04,talek,tk,12,-0.466666667,Q1 (lowest),1,med,NA,10.4,2002,2003,old,NA,NA,NA,NA,-1.392072996,-0.988044436,-0.685890344,-0.682114693,-0.467987788,12,12,9,12,12,-3.25625
194,moil,cub,1,77.41347975,77.40972622,365,9/27/02,m,bado,29.2,66,67,33.6,NA,NA,6.3,1/8/02,9/10/02,1/15/03,bail,11/10/01,NA,NA,NA,NA,11/30/02,talek,tk,15,-0.647058824,Q1 (lowest),1,med,NA,10.5,2001,2002,old,NA,NA,NA,NA,0.119608593,-0.338188614,-0.32987609,-0.285535875,1.459066277,12,12,8,12,12,-4.25625
195,mojo,cub,1,72.74949991,72.70910195,310,7/28/00,m,bado,19.5,69,71,32.4,58550,7580000,7,12/9/99,7/27/00,11/17/03,bail,11/17/99,1,2,NA,NA,8/28/00,talek,tk,17,-0.454545455,Q1 (lowest),1,low,twin,8.3,1999,2000,old,NA,NA,NA,NA,-0.294831799,1.160957949,-0.748892501,-0.883718131,0.849174166,12,12,12,12,12,-6.25625
205,neon,subadult,1,77.06609372,77.0862927,652,6/15/12,f,bado,32.4,72,81,27.685,NA,NA,6.9,4/27/11,11/18/11,NA,yog,12/26/10,0,NA,NA,NA,12/5/11,talek,NA,22,-0.555555556,Q1 (lowest),1,hi,single,17.6,2010,2012,old,NA,NA,NA,NA,-0.826956849,-0.002102464,-0.403682336,0.344866109,0.926051323,15,14,6,18,15,5.74375
212,obam,adult,1,77.48070461,77.49837872,808,6/7/12,f,unknown,49.2,62,62,41.08,NA,NA,7.6,12/7/08,7/16/09,4/12/14,nav,11/13/08,1,2,poison (april 2014 incident),4/12/14,NA,talek,NA,15,-0.75,Q1 (lowest),1,med,twin,42.8,2008,2012,old,39,-0.853658537,Q2,2,-1.568517916,-0.18367744,-1.005847579,0.350343463,-0.262469522,2,11,8,16,15,5.74375
213,obam,subadult,1,78.5936883,78.57524903,808,11/15/09,f,bado,34.2,66,70,36.91,NA,NA,6.2,12/7/08,7/16/09,4/12/14,nav,11/13/08,1,2,poison (april 2014 incident),4/12/14,NA,talek,NA,15,-0.75,Q1 (lowest),1,med,twin,12.1,2008,2009,old,NA,NA,NA,NA,-1.568517916,-0.18367744,-1.005847579,0.350343463,-0.262469522,2,11,8,16,15,2.74375
220,opa,subadult,1,73.79088238,73.79816866,233,12/9/98,m,bado,26,NA,NA,NA,NA,NA,NA,12/15/97,10/21/98,5/26/99,gol,11/12/97,1,2,NA,NA,1/23/99,talek,tk,24,-0.84,Q1 (lowest),1,low,twin,12.9,1997,1998,old,NA,NA,NA,NA,-0.195694375,-0.36526594,-0.178749016,-0.427486789,0.876081171,10,12,12,12,12,-8.25625
239,radn,adult,1,77.90164979,77.92437364,608,6/5/12,m,ok,38.2,64,63,35.215,NA,NA,6.3,4/6/10,10/9/10,11/4/12,yog,1/13/10,1,2,NA,NA,9/9/10,talek,tk,22,-0.555555556,Q1 (lowest),1,hi,twin,28.7,2010,2012,old,NA,NA,NA,NA,1.677006554,1.201543308,0.095276894,-0.512362757,-0.838772229,17,17,21,18,13,5.74375
240,rama,subadult,1,73.29846898,73.38304799,1129,7/7/14,f,bado,47,NA,NA,NA,NA,NA,NA,5/6/13,9/29/13,NA,tnsl,1/8/13,0,NA,NA,NA,NA,serena.n,NA,14,-0.444444444,Q1 (lowest),1,low,single,17.9,2013,2014,old,NA,NA,NA,NA,NA,NA,NA,NA,-0.585882011,NA,NA,NA,NA,3,7.74375
247,roos,adult,1,76.16641202,76.16583912,363,6/7/13,f,lactating,53.8,64,48,38.26,NA,NA,NA,10/13/07,NA,NA,nav,3/2/07,NA,NA,NA,NA,7/24/08,talek,NA,15,-0.647058824,Q1 (lowest),1,med,NA,75.2,2007,2013,old,40,-0.9,Q2,2,0.611278732,0.177113727,0.116049957,-0.288187098,-1.079839512,19,15,22,10,17,6.74375
248,roos,subadult,1,76.59068163,76.56790371,363,10/13/08,f,bado,48.4,72,72,33.3,NA,NA,6.7,10/13/07,NA,NA,nav,3/2/07,NA,NA,NA,NA,7/24/08,talek,NA,15,-0.647058824,Q1 (lowest),1,med,NA,19.4,2007,2008,old,NA,NA,NA,NA,0.611278732,0.177113727,0.116049957,-0.288187098,-1.079839512,19,15,22,10,17,1.74375
249,rslg,subadult,1,77.55989737,77.56553333,711,7/11/03,m,bado,24.4,74,78,31.7,NA,NA,6.3,6/18/02,4/9/03,11/22/03,hml,5/15/02,1,NA,NA,NA,9/8/03,talek,tk,10,-0.5,Q1 (lowest),1,med,NA,13.9,2002,2003,old,NA,NA,NA,NA,-1.000142521,-0.512581741,-0.318662897,-0.051660105,-0.402642204,14,11,14,14,10,-3.25625
250,rub,adult,1,75.19219922,75.09010413,261,12/30/00,m,natal male,48.8,59,60,41.51,10000,6585000,7,12/15/97,10/2/98,9/13/03,gol,11/12/97,1,1,NA,NA,1/22/99,talek,tk,24,-0.84,Q1 (lowest),1,low,twin,37.6,1997,2000,old,NA,NA,NA,NA,-0.195694375,-0.36526594,-0.178749016,-0.427486789,0.876081171,10,12,12,12,12,-6.25625
255,sco,subadult,1,75.36172351,75.41702502,278,10/25/99,m,NA,46.4,62,60,NA,NA,NA,NA,3/23/98,10/14/98,7/24/02,hob,12/15/97,1,NA,NA,NA,1/11/99,talek,tk,23,-0.76,Q1 (lowest),1,low,NA,22.3,1997,1999,old,NA,NA,NA,NA,-0.471440853,2.795491142,-0.013954118,-0.44239992,0.426990447,10,12,12,12,12,-7.25625
257,shb,subadult,1,77.03503287,77.03690964,362,6/2/02,m,bado,25.8,63,54,33.1,NA,NA,6.7,4/21/01,12/5/01,8/24/02,par,3/19/01,NA,NA,NA,NA,NA,talek,tk,10,-1,Q1 (lowest),1,med,NA,14.5,2001,2002,old,NA,NA,NA,NA,0.689977054,-0.212435264,1.446550426,-0.15297471,-0.597910183,12,8,12,12,10,-4.25625
264,sopa,cub,1,74.87956695,74.88807487,552,7/22/14,m,bado,30.8,89,86,36.81,NA,NA,NA,8/15/13,NA,1/15/16,wran,7/21/13,NA,NA,NA,NA,6/7/14,talek,NA,29,-0.4,Q1 (lowest),1,hi,NA,12,2013,2014,old,NA,NA,NA,NA,NA,NA,NA,NA,NA,NA,NA,NA,NA,NA,7.74375
266,sqa,subadult,1,77.00331342,77.01074896,303,6/13/00,f,bado,28,63,57,35.3,10925,6160000,7,6/14/99,1/30/00,1/16/01,bern,5/13/99,1,2,NA,NA,7/8/00,talek,tk,22,-0.909090909,Q1 (lowest),1,low,twin,13,1999,2000,old,NA,NA,NA,NA,-0.230819224,-0.779236596,0.42185419,-0.420858731,-0.409689277,12,12,12,12,12,-6.25625
271,sud,cub,1,76.14254475,76.1012559,334,10/22/01,f,bado,25.6,68,72,31.4,22700,5310000,6.4,1/14/01,7/24/01,10/2/02,cr,12/24/00,1,1,NA,NA,12/28/01,talek,tk,21,NA,Q1 (lowest),NA,med,twin,9.9,2000,2001,old,NA,NA,NA,NA,1.385087969,0.27313409,0.027439861,-0.516855108,-0.812653707,12,12,12,10,12,-5.25625
281,teva,subadult,1,76.15584505,76.19054422,806,11/5/09,m,bado,42.8,49,49,42.95,NA,NA,7.2,7/19/08,1/25/09,1/29/10,hex,4/16/08,0,NA,NA,NA,2/19/09,talek,NA,17,-1,Q1 (lowest),1,med,single,18.7,2008,2009,old,NA,NA,NA,NA,0.885954016,-0.770731538,-0.046986605,0.077199676,-1.001153481,15,9,17,11,17,2.74375
295,van,subadult,1,73.20848957,73.18354232,612,6/3/11,f,bado,33.8,61,72,32.41,NA,NA,6.2,6/4/10,9/29/10,6/20/12,arg,2/26/10,1,1,NA,NA,2/25/11,talek,tk,23,-0.62962963,Q1 (lowest),1,hi,twin,15.2,2010,2011,old,NA,NA,NA,NA,1.640510697,0.323569329,1.429524223,-0.32277925,-1.020862674,17,21,15,21,12,4.74375
298,vwil,subadult,1,76.98629684,76.97436555,846,5/14/11,m,bado,29.2,99,NA,40.91,NA,NA,6.8,4/9/10,1/1/11,9/19/11,baez,3/30/10,1,2,NA,NA,6/25/11,talek,tk,27,-0.925925926,Q1 (lowest),1,hi,twin,13.5,2010,2011,old,NA,NA,NA,NA,1.305482587,0.237378134,1.558392271,-0.166599052,-0.572028207,15,18,20,18,15,4.74375
305,wran,subadult,1,75.47408759,75.44588635,609,5/20/11,f,bado,28.4,162,162,33.72,NA,NA,6.8,1/27/10,11/4/10,NA,ffl,1/13/10,1,2,NA,NA,10/25/10,talek,NA,21,-0.481481481,Q1 (lowest),1,hi,twin,16.2,2010,2011,old,NA,NA,NA,NA,1.677006554,1.201543308,0.095276894,-0.512362757,-0.838772229,17,17,21,18,13,4.74375
306,wrth,subadult,1,78.29408211,78.28720733,545,7/12/14,f,bado,50.2,70,67,67,NA,NA,NA,2/23/13,7/29/13,NA,arg,10/28/12,1,NA,NA,NA,6/3/13,talek,tk,35,-0.658536585,Q1 (lowest),1,hi,NA,20.4,2012,2014,old,NA,NA,NA,NA,NA,NA,0.156307909,0.468820004,-0.513153117,NA,NA,12,16,16,7.74375
309,xnon,subadult,1,76.96143505,76.94733443,847,4/24/11,f,bado,32.2,66,NA,35.95,NA,NA,7.4,4/6/10,10/9/10,4/12/14,yog,1/13/10,1,1,poison (april 2014 incident),4/12/14,9/14/10,talek,NA,22,-0.555555556,Q1 (lowest),1,hi,twin,15.3,2010,2011,old,NA,NA,NA,NA,1.677006554,1.201543308,0.095276894,-0.512362757,-0.838772229,17,17,21,18,13,4.74375
313,yosh,subadult,1,75.66162619,75.64101759,825,7/8/10,f,bado,30.6,64,61,35.76,NA,NA,6.8,7/11/09,7/23/10,2/25/12,cart,6/15/09,1,1,NA,NA,NA,talek,NA,20,-0.80952381,Q1 (lowest),1,hi,twin,12.7,2009,2010,old,NA,NA,NA,NA,-0.713375562,-0.405881929,-0.114314992,NA,-1.121443621,15,18,16,NA,8,3.74375
6,alfe,cub,1,77.83946655,77.81169295,909,9/15/09,f,bado,24.6,76,85,34.13,NA,NA,5.4,1/25/09,8/2/09,NA,guci,1/5/09,1,1,NA,NA,1/15/10,talek,NA,11,0.047619048,Q2,2,hi,twin,8.3,2009,2009,old,NA,NA,NA,NA,-0.017443972,-0.48620265,-1.066432297,-0.769384127,0.475679313,3,16,7,9,16,2.74375
11,amar,cub,1,75.44144078,75.43553778,160,10/25/95,f,NA,22.7,NA,NA,NA,NA,NA,NA,1/31/95,10/24/95,6/13/03,ua,1/25/95,1,1,NA,NA,7/15/96,talek,tk,16,-0.111111111,Q2,2,low,twin,9,1995,1995,old,NA,NA,NA,NA,1.037122175,0.277299833,0.507766222,1.366507643,-0.029787994,12,12,12,12,12,-11.25625
30,bail,adult,2,75.19773128,75.1941788,97,6/20/01,f,lactating,79.5,60,61,NA,NA,NA,NA,2/21/92,8/28/92,6/12/07,ua,1/4/92,0,1,croc,6/12/07,4/11/93,talek,tk,8,0.066666667,Q2,2,low,single,113.5,1992,1999,old,17,-0.454545455,Q1 (lowest),1,0.367452155,3.041686521,-0.513024922,-0.276146126,0.898503675,12,10,12,12,12,-7.25625
46,bora,subadult,1,81.2972558,81.32755427,636,6/1/12,f,bado,33,58,71,44.06,NA,NA,6.8,4/23/11,12/6/11,NA,art,12/23/10,0,NA,NA,NA,4/11/12,talek,NA,12,0.185185185,Q2,2,hi,single,17.3,2010,2012,old,NA,NA,NA,NA,-0.826956849,0.036728206,-0.331828636,0.421772626,0.859424454,15,13,9,21,15,5.74375
54,bulm,subadult,1,72.74056891,72.72147438,571,5/7/15,m,bado,34.4,48,48,41.07,NA,NA,NA,4/27/14,10/19/14,NA,alfe,3/16/14,1,2,NA,NA,NA,talek,NA,21,0.05,Q2,2,hi,twin,13.7,2014,2015,old,NA,NA,NA,NA,NA,NA,NA,NA,NA,NA,NA,NA,NA,NA,8.74375
55,buu,subadult,1,75.89228768,75.91355749,575,5/28/15,m,bado,34.2,54,55,37.62,NA,NA,NA,4/27/14,10/19/14,5/25/16,alfe,3/16/14,1,1,NA,NA,NA,talek,NA,21,0.05,Q2,2,hi,twin,14.4,2014,2015,old,NA,NA,NA,NA,NA,NA,NA,NA,NA,NA,NA,NA,NA,NA,8.74375
57,caha,subadult,1,77.46423585,77.4812517,567,7/9/15,m,bado,33,57,63,43.05,NA,NA,NA,5/9/14,11/23/14,NA,ffl,3/31/14,0,NA,NA,NA,NA,talek,NA,28,-0.3,Q2,2,hi,single,15.3,2014,2015,old,NA,NA,NA,NA,NA,NA,NA,NA,NA,NA,NA,NA,NA,NA,8.74375
79,cous,subadult,1,77.13718164,77.09504693,728,4/16/04,m,bado,28.6,80,77,36.8,NA,NA,6.8,4/17/03,10/28/03,7/6/07,ali,3/3/03,NA,NA,NA,NA,2/14/04,talek,tk,7,0.076923077,Q2,2,med,NA,13.5,2003,2004,old,NA,NA,NA,NA,-0.467173348,-0.314756313,-1.283109136,-0.704576446,-0.719119833,12,12,12,9,12,-2.25625
80,cr,adult,1,75.08357206,75.0711795,108,12/6/01,f,lactating,69.5,NA,NA,38.5,25325,7595000,7.8,9/9/93,4/2/94,3/3/02,ot,8/15/93,1,1,NA,NA,8/1/94,talek,tk,8,0.222222222,Q2,2,low,twin,99.7,1993,2001,old,16,-0.764705882,Q2,2,-0.390264467,-0.0424209,0.09929356,1.623897238,-0.497969879,14,12,12,12,10,-5.25625
81,csac,subadult,1,79.4284565,79.37795905,724,5/21/04,m,bado,27.8,58,60,34.3,NA,NA,7.4,7/8/03,12/15/03,1/29/05,csn,5/1/03,NA,NA,NA,NA,4/26/04,talek,NA,6,0.230769231,Q2,2,med,NA,12.7,2003,2004,old,NA,NA,NA,NA,0.47003641,-0.551087808,-1.152790625,-1.028430736,-0.392391917,14,14,14,12,12,-2.25625
84,ctz,cub,1,80.10757421,80.11625151,758,5/5/05,f,bado,21.4,64,68,25.5,NA,NA,6.6,7/22/04,4/29/05,5/28/06,ali,6/26/04,1,1,NA,NA,8/2/05,talek,tk,7,0.2,Q2,2,med,twin,10.3,2004,2005,old,NA,NA,NA,NA,-1.201676618,-1.081773641,-0.78013324,-1.224731728,-1.153475769,12,12,12,10,12,-1.25625
99,dra,adult,1,77.72330089,77.72835064,774,6/10/12,f,lacating,51,54,56,36.85,NA,NA,6.7,4/9/08,7/10/08,6/12/12,ali,11/15/07,1,1,car,6/12/12,12/3/08,talek,tk,10,-0.058823529,Q2,2,med,twin,54.8,2007,2012,old,26,-0.219512195,Q1 (lowest),1,0.29466468,-0.302363229,-0.729032317,0.850181905,-0.34786723,13,15,14,20,16,5.74375
100,dra,subadult,1,77.30325921,77.33052285,774,7/3/09,f,bado,38,55,52,38.14,NA,NA,6.6,4/9/08,7/10/08,6/12/12,ali,11/15/07,1,1,car,6/12/12,12/3/08,talek,tk,10,-0.058823529,Q2,2,med,twin,19.6,2007,2009,old,NA,NA,NA,NA,0.29466468,-0.302363229,-0.729032317,0.850181905,-0.34786723,13,15,14,20,16,2.74375
111,ffl,cub,1,72.39787814,72.35822194,731,5/3/04,f,bado,15.8,69,NA,31.29,NA,NA,NA,8/6/03,4/29/04,NA,mp,6/28/03,1,1,NA,NA,6/23/04,talek,NA,9,-0.230769231,Q2,2,med,twin,10.2,2003,2004,old,NA,NA,NA,NA,-0.28088034,-1.026577553,-0.242792531,-1.110729126,-0.821622709,12,12,12,12,9,-2.25625
113,frr,cub,1,77.21087036,77.21430775,318,4/18/01,m,bado,19.78,71,68,31.12,22575,7740000,7,7/21/00,4/12/01,12/9/01,jj,6/25/00,0,NA,NA,NA,NA,talek,tk,12,0.083333333,Q2,2,med,single,9.8,2000,2001,old,NA,NA,NA,NA,-0.646736829,-0.231962182,-0.748892501,1.505144528,-0.286685826,10,12,12,12,12,-5.25625
114,fxtr,subadult,1,76.96308791,76.97464442,664,5/8/13,f,bado,31,NA,NA,41.27,NA,NA,NA,1/3/12,6/5/12,5/9/16,dra,10/16/11,1,1,NA,NA,6/12/12,talek,NA,19,-0.090909091,Q2,2,hi,twin,18.7,2011,2013,old,NA,NA,NA,NA,-0.230272108,-0.63577884,0.060242637,-0.036218915,-0.376284322,18,16,18,13,14,6.74375
118,gel,cub,1,74.88010249,74.90196134,908,9/13/09,f,bado,25.2,79,74,36.5,NA,NA,5.4,1/25/09,7/30/09,NA,guci,1/5/09,1,2,NA,NA,1/27/10,talek,NA,11,0.047619048,Q2,2,hi,twin,8.2,2009,2009,old,NA,NA,NA,NA,-0.017443972,-0.48620265,-1.066432297,-0.769384127,0.475679313,3,16,7,9,16,2.74375
119,gel,subadult,1,73.92495098,73.93085398,908,7/29/10,f,NA,41,NA,NA,30.5,NA,NA,5.9,1/25/09,7/30/09,NA,guci,1/5/09,1,2,NA,NA,1/27/10,talek,NA,11,0.047619048,Q2,2,hi,twin,18.7,2009,2010,old,NA,NA,NA,NA,-0.017443972,-0.48620265,-1.066432297,-0.769384127,0.475679313,3,16,7,9,16,3.74375
132,ham,cub,1,69.38018488,69.37080105,230,3/10/98,f,bado,16.6,NA,NA,NA,NA,NA,NA,7/20/97,11/23/97,10/1/12,ger,6/1/97,1,2,NA,NA,10/20/98,talek,tk,13,0.04,Q2,2,low,twin,9.3,1997,1998,old,NA,NA,NA,NA,NA,NA,NA,NA,NA,NA,NA,NA,NA,NA,-8.25625
137,hml,adult,1,76.86572917,76.92528464,230,12/9/01,f,lactating,51,NA,NA,23.2,14200,6625000,6.5,7/20/97,11/23/97,10/1/12,ger,6/1/97,1,2,NA,NA,10/20/98,talek,tk,13,0.04,Q2,2,low,twin,54.3,1997,2001,old,8,-0.6,Q1 (lowest),1,-0.561199146,-0.256510307,0.84483148,0.08610882,0.04434355,14,14,14,14,14,-5.25625
140,hon,subadult,1,76.59828236,76.59394371,508,7/12/09,f,bado,30.8,64,61,29.87,NA,NA,7.2,5/18/08,12/3/08,4/6/14,mp,4/18/08,1,2,poison (april 2014 incident),4/3/14,4/15/09,talek,NA,10,-0.125,Q2,2,med,twin,14.8,2008,2009,old,NA,NA,NA,NA,0.885954016,-0.770731538,-0.046986605,0.077199676,-1.001153481,15,9,17,11,17,2.74375
141,hoo,subadult,1,77.11971609,77.11723758,301,4/29/00,f,bado,24.9,79,75,32,7875,7705000,6.8,5/1/99,11/28/99,12/16/01,nav,4/16/99,0,NA,NA,NA,6/3/00,talek,tk,12,-2.50E-16,Q2,2,low,single,12.5,1999,2000,old,NA,NA,NA,NA,0.164745666,-0.906366129,0.220909294,-0.467807477,-0.049556405,14,14,14,14,14,-6.25625
161,jup,cub,1,77.48362917,77.44797062,349,10/20/01,m,bado,17.8,64,63,33.6,16800,7330000,7.2,2/14/01,9/18/01,12/17/02,oke,1/5/01,1,2,NA,NA,5/25/02,talek,tk,9,0.058823529,Q2,2,med,twin,9.5,2001,2001,old,NA,NA,NA,NA,1.028915434,0.396023492,0.335161139,-0.414783011,-0.918359798,12,12,12,10,12,-5.25625
162,jut,adult,1,79.85193687,79.87971047,267,4/23/02,f,lactating,51.8,62,58,42.69,14400,8660000,6.5,1/29/99,6/20/99,11/24/03,ger,11/30/98,1,1,NA,NA,12/24/99,talek,tk,13,0,Q2,2,low,twin,40.7,1998,2002,old,8,-0.166666667,Q1 (lowest),1,-0.423677624,0.601186308,-0.455229555,2.831308515,1.541068578,12,12,12,12,12,-4.25625
163,kdy,subadult,1,74.66350442,74.67101148,338,10/24/01,m,bado,24.8,67,63,38.7,15300,7850000,7,5/20/01,7/30/01,3/3/04,nav,10/3/00,1,2,NA,NA,7/19/02,talek,tk,16,-0.25,Q2,2,med,twin,12.7,2000,2001,old,NA,NA,NA,NA,0.217268804,0.488190544,-0.342762895,-0.793134669,1.823592129,12,12,10,12,12,-5.25625
173,ldv,adult,2,75.14444532,75.12229534,237,5/9/03,m,bado,46.18,53,58.5,39.51,NA,NA,6.75,12/19/97,10/25/98,4/24/07,hg,11/24/97,1,2,lions,4/23/07,3/13/99,talek,tk,11,0.2,Q2,2,low,twin,65.5,1997,2001,old,NA,NA,NA,NA,-0.005626266,1.163561538,-0.188121237,-0.509232841,0.685169565,10,12,12,12,12,-5.25625
174,ldv,subadult,1,70.88801995,70.86892542,237,3/7/99,m,bado,28.4,67,67,NA,NA,NA,NA,12/19/97,10/25/98,4/24/07,hg,11/24/97,1,2,lions,4/23/07,3/13/99,talek,tk,11,0.2,Q2,2,low,twin,15.4,1997,1999,old,NA,NA,NA,NA,-0.005626266,1.163561538,-0.188121237,-0.509232841,0.685169565,10,12,12,12,12,-7.25625
179,lyco,subadult,1,78.00799988,77.99949196,540,3/1/15,f,bado,47.2,57,60,38.54,NA,NA,NA,6/10/13,NA,NA,bab,3/26/13,1,NA,NA,NA,NA,talek,tk,26,-0.25,Q2,2,hi,NA,23.2,2013,2015,old,NA,NA,NA,NA,NA,NA,NA,NA,-0.11307158,NA,NA,NA,NA,18,8.74375
180,maa,subadult,1,79.17263364,79.12584006,701,7/30/14,f,bado,49,79,79,64.7,NA,NA,NA,12/29/12,7/29/13,NA,art,10/12/12,NA,NA,NA,NA,9/16/13,talek,tk,20,0.073170732,Q2,2,hi,NA,21.6,2012,2014,old,NA,NA,NA,NA,NA,NA,0.284815487,0.513881595,-0.796157151,NA,NA,13,18,16,7.74375
181,mac,cub,1,75.86999431,75.87975628,356,6/26/02,f,bado,24.8,73,71,37,NA,NA,6.4,8/30/01,5/30/02,7/11/05,ger,8/10/01,1,1,poison?,NA,10/5/02,talek,tk,10,-0.058823529,Q2,2,med,twin,10.5,2001,2002,old,NA,NA,NA,NA,-0.481535144,-0.088764785,-0.160004572,1.256592344,0.49233603,8,12,12,12,12,-4.25625
188,mge,subadult,1,76.90117701,76.90768499,733,6/15/04,m,bado,32.2,70,72,35.4,NA,NA,7.3,10/14/02,8/8/03,7/31/06,puc,10/7/02,NA,NA,NA,NA,NA,talek,tk,9,-0.333333333,Q2,2,med,NA,20.3,2002,2004,old,NA,NA,NA,NA,-1.506693804,-1.090625844,-0.198274478,-0.771041141,-0.563443591,9,12,12,12,12,-2.25625
199,mrs,cub,1,76.21877499,76.26131461,337,8/16/01,m,bado,16.4,71,69,31.3,19000,4965000,6.3,2/14/01,9/18/01,12/31/03,oke,1/5/01,1,1,NA,NA,5/16/02,talek,tk,9,0.058823529,Q2,2,med,twin,7.3,2001,2001,old,NA,NA,NA,NA,1.028915434,0.396023492,0.335161139,-0.414783011,-0.918359798,12,12,12,10,12,-5.25625
200,msl,subadult,1,76.21226503,76.20522008,745,6/15/07,f,bado,36,67,57,53.45,NA,NA,7,12/19/05,9/2/06,2/1/11,mp,12/5/05,1,1,NA,NA,11/13/06,talek,NA,11,-0.25,Q2,2,med,twin,18.3,2005,2007,old,NA,NA,NA,NA,-0.1651653,-0.159061689,-1.221877288,-0.917410761,-0.476858229,18,15,20,15,13,0.74375
207,nod,adult,1,75.89490433,75.85638263,207,5/10/99,m,ok,42.9,58,58,NA,NA,NA,NA,11/27/96,5/25/97,2/15/01,ua,10/13/96,1,2,NA,NA,10/21/97,talek,tk,17,-0.185185185,Q2,2,low,twin,30.8,1996,1999,old,NA,NA,NA,NA,0.099912416,-0.009615679,0.589773161,3.04009235,3.414308633,12,12,12,12,10,-7.25625
210,nxn,cub,1,76.97914915,76.99433443,347,9/3/01,m,bado,27.2,NA,NA,37.1,21900,5055000,6.8,5/20/01,7/30/01,12/13/03,nav,10/3/00,1,1,NA,NA,7/11/02,talek,tk,16,-0.25,Q2,2,med,twin,11,2000,2001,old,NA,NA,NA,NA,0.217268804,0.488190544,-0.342762895,-0.793134669,1.823592129,12,12,10,12,12,-5.25625
215,oke,adult,2,76.185624,76.1720478,244,8/10/02,f,pregnant,46.1,65.5,66.5,NA,NA,NA,7.1,12/19/97,10/31/98,2/1/03,hg,11/24/97,1,1,humans,1/31/03,3/13/99,talek,tk,11,0.2,Q2,2,low,twin,56.5,1997,2002,old,10,-0.2,Q1 (lowest),1,-0.005626266,1.163561538,-0.188121237,-0.509232841,0.685169565,10,12,12,12,12,-4.25625
216,oke,subadult,1,76.04700079,76.06818773,244,3/4/99,f,bado,30.2,66,67,NA,NA,NA,NA,12/19/97,10/31/98,2/1/03,hg,11/24/97,1,1,humans,1/31/03,3/13/99,talek,tk,11,0.2,Q2,2,low,twin,15.3,1997,1999,old,NA,NA,NA,NA,-0.005626266,1.163561538,-0.188121237,-0.509232841,0.685169565,10,12,12,12,12,-7.25625
218,ome,adult,1,74.56078637,74.46294524,224,4/11/00,m,NA,50.4,59,57,38,12475,7985000,6.7,3/22/97,7/5/97,6/20/00,sx,2/2/97,1,1,NA,NA,7/29/98,talek,tk,15,-0.12,Q2,2,low,twin,38.2,1997,2000,old,NA,NA,NA,NA,1.241470012,-0.490758931,0.004790325,-0.008262105,1.411018054,12,12,12,12,12,-6.25625
219,ome,subadult,1,73.33272152,73.29453245,224,3/9/98,m,bado,29.55,NA,NA,NA,NA,NA,NA,3/22/97,7/5/97,6/20/00,sx,2/2/97,1,1,NA,NA,7/29/98,talek,tk,15,-0.12,Q2,2,low,twin,13.1,1997,1998,old,NA,NA,NA,NA,1.241470012,-0.490758931,0.004790325,-0.008262105,1.411018054,12,12,12,12,12,-8.25625
226,pbut,cub,1,74.37419531,74.40308659,541,6/8/14,f,bado,26.6,93,94,23.97,NA,NA,NA,8/26/13,NA,NA,parc,7/4/13,1,1,NA,NA,NA,talek,tk,17,0.2,Q2,2,hi,twin,11.1,2013,2014,old,NA,NA,NA,NA,NA,NA,NA,NA,NA,NA,NA,NA,NA,NA,7.74375
229,pene,adult,1,76.08452265,76.08165816,828,10/26/13,m,ok,51.2,62,49,43.22,NA,NA,NA,6/9/10,11/12/10,11/15/16,guci,4/3/10,NA,NA,unknown,11/26/16,7/20/11,talek,NA,14,0.037037037,Q2,2,hi,NA,42.8,2010,2013,old,NA,NA,NA,NA,1.305482587,0.08909754,1.558392271,-0.166599052,-0.572028207,15,21,20,18,15,6.74375
230,pene,subadult,1,77.04792881,77.0851065,828,4/27/11,m,bado,25.8,58,59,37.2,NA,NA,6.1,6/9/10,11/12/10,11/15/16,guci,4/3/10,NA,NA,unknown,11/26/16,7/20/11,talek,NA,14,0.037037037,Q2,2,hi,NA,12.8,2010,2011,old,NA,NA,NA,NA,1.305482587,0.08909754,1.558392271,-0.166599052,-0.572028207,15,21,20,18,15,4.74375
234,pnc,subadult,1,68.92894288,68.95080173,757,6/29/05,m,bado,19.4,58,61,37.7,NA,NA,6.8,8/30/04,4/29/05,8/16/07,ali,6/26/04,1,2,NA,NA,8/3/05,talek,tk,7,0.2,Q2,2,med,twin,12.1,2004,2005,old,NA,NA,NA,NA,-1.201676618,-1.081773641,-0.78013324,-1.224731728,-1.153475769,12,12,12,10,12,-1.25625
236,psy,cub,1,65.60224381,65.58535292,203,6/8/97,f,bado,23,NA,NA,NA,NA,NA,NA,11/26/96,6/11/97,12/19/97,bail,10/13/96,1,1,NA,NA,8/7/97,talek,tk,19,-0.333333333,Q2,2,low,twin,7.8,1996,1997,old,NA,NA,NA,NA,0.099912416,-0.009615679,0.589773161,3.04009235,3.414308633,12,12,12,12,10,-9.25625
237,puc,cub,1,68.82898999,68.84525993,231,3/14/98,f,bado,16.4,NA,NA,NA,NA,NA,NA,7/20/97,11/23/97,12/23/06,ger,6/1/97,1,1,NA,NA,8/11/98,talek,tk,13,0.04,Q2,2,low,twin,9.4,1997,1998,old,NA,NA,NA,NA,-0.561199146,-0.256510307,0.84483148,0.08610882,0.04434355,14,14,14,14,14,-8.25625
238,que,subadult,1,73.99354005,73.98367712,790,6/24/09,m,bado,29.6,73,73,23.3,NA,NA,7,5/18/08,11/17/08,3/5/11,mp,4/18/08,1,1,NA,NA,4/23/09,talek,tk,10,-0.125,Q2,2,med,twin,14.2,2008,2009,old,NA,NA,NA,NA,0.885954016,-0.770731538,-0.046986605,0.077199676,-1.001153481,15,9,17,11,17,2.74375
241,rav,adult,1,77.926727,77.92250003,605,9/3/09,m,bado,49.2,69,69,37.84,NA,NA,7,8/1/07,NA,10/18/09,guci,12/1/06,1,NA,NA,NA,12/9/07,talek,tk,7,0.25,Q2,2,med,NA,33.1,2006,2009,old,NA,NA,NA,NA,-0.012967568,0.223199993,-0.345886969,-0.932356382,-0.192511309,22,19,12,17,18,2.74375
242,reb,adult,1,74.92058675,74.91714936,671,9/14/13,f,bado,52.8,62,67,41.58,NA,NA,NA,11/1/11,7/3/12,2/17/14,ali,6/16/11,NA,NA,NA,NA,11/22/12,talek,NA,18,-0.03030303,Q2,2,hi,NA,27,2011,2013,old,NA,NA,NA,NA,-0.173166872,-0.185590891,0.712464063,-0.638148573,-0.47055036,16,19,11,15,9,6.74375
261,sks,subadult,1,73.03384462,73.02070726,223,7/31/97,m,NA,40,69,66.5,NA,NA,NA,NA,11/25/95,5/30/96,4/21/98,ot,10/16/95,1,2,NA,NA,7/15/97,talek,tk,15,-0.037037037,Q2,2,low,twin,21.5,1995,1997,old,NA,NA,NA,NA,1.047790937,3.781730666,-0.79329898,0.433608445,0.65386958,12,12,14,14,14,-9.25625
272,suk,cub,1,76.81516802,76.78913611,824,7/6/10,f,bado,24.8,72,76,28.48,NA,NA,7.1,8/13/09,5/22/10,7/7/12,mp,8/4/09,0,NA,NA,NA,7/30/10,talek,NA,13,-0.142857143,Q2,2,hi,single,11,2009,2010,old,NA,NA,NA,NA,-0.339695314,0.059292644,-0.937898971,-0.101757896,-1.277119863,18,18,11,11,4,3.74375
273,sun,subadult,2,69.17965334,69.17965334,80,12/18/93,m,bado,36.5,NA,NA,NA,NA,NA,NA,7/6/92,2/1/93,4/20/97,23s,6/5/92,1,2,NA,NA,5/16/93,talek,tk,11,-0.333333333,Q2,2,low,twin,18.4,1992,1993,old,NA,NA,NA,NA,-1.209062684,-0.090743513,4.483150248,-0.18942903,-0.177135878,10,10,12,12,12,-13.25625
277,tang,cub,1,80.88985861,80.88422265,381,6/22/01,f,bado,17.8,80,76,33.3,24325,13910000,6.5,9/11/00,5/19/01,11/30/01,puc,7/6/00,1,2,NA,NA,8/18/01,talek,tk,14,-0.083333333,Q2,2,med,twin,11.5,2000,2001,old,NA,NA,NA,NA,-0.495076266,-0.026799366,-0.877760549,1.570872772,-0.346906266,10,12,12,12,12,-5.25625
278,tast,subadult,1,74.22500822,74.22998346,579,8/2/15,f,bado,51.8,71,71,32.82,NA,NA,NA,4/10/14,NA,NA,gel,9/10/13,NA,NA,NA,NA,NA,talek,NA,22,-0.05,Q2,2,hi,NA,22.7,2013,2015,old,NA,NA,NA,NA,NA,NA,NA,NA,NA,NA,NA,NA,NA,NA,8.74375
285,tian,subadult,1,75.72407474,75.71982078,529,8/1/14,f,bado,33.2,83,87,57.55,NA,NA,NA,8/8/13,NA,NA,parc,7/4/13,1,2,NA,NA,NA,talek,tk,17,0.2,Q2,2,hi,twin,12.9,2013,2014,old,NA,NA,NA,NA,NA,NA,NA,NA,NA,NA,NA,NA,NA,NA,7.74375
287,tini,cub,1,78.69386374,78.69856037,504,5/21/04,m,bado,19.8,78,70,35.4,NA,NA,7.6,7/27/03,4/29/04,8/19/07,mp,6/28/03,1,2,NA,NA,6/28/04,talek,NA,9,-0.230769231,Q2,2,med,twin,10.8,2003,2004,old,NA,NA,NA,NA,-0.28088034,-1.026577553,-0.242792531,-1.110729126,-0.821622709,12,12,12,12,9,-2.25625
289,tnks,subadult,1,77.08458472,77.07729844,555,8/8/14,f,bado,51.6,57,63,39.145,NA,NA,NA,5/14/13,NA,NA,alfe,3/15/13,0,NA,NA,NA,11/27/13,talek,tk,21,0,Q2,2,hi,single,16.8,2013,2014,old,NA,NA,NA,NA,NA,NA,NA,-0.610310729,0.024880207,NA,NA,NA,5,18,7.74375
296,vdg,subadult,1,73.20665024,73.21393652,925,7/14/09,f,bado,39.2,59,57,35.51,NA,NA,6.6,4/13/08,7/10/08,8/3/10,ali,11/15/07,1,2,NA,NA,11/25/08,talek,tk,10,-0.058823529,Q2,2,med,twin,19.9,2007,2009,old,NA,NA,NA,NA,0.29466468,-0.302363229,-0.729032317,0.850181905,-0.34786723,13,15,14,20,16,2.74375
300,whh,adult,1,76.77065617,76.75188851,248,7/24/01,f,bado,55,55,56,41.24,21475,5950000,8,5/29/98,10/2/98,10/22/04,nav,2/28/98,0,NA,NA,10/15/04,1/3/99,talek,tk,14,-0.083333333,Q2,2,low,single,40.8,1998,2001,old,12,-0.294117647,Q1 (lowest),1,2.093329669,2.581476124,0.123036522,-0.30542005,-0.58906931,12,12,10,12,12,-5.25625
301,whh,cub,1,73.88443073,73.87174982,248,2/22/99,f,bado,30,70,68,NA,NA,NA,NA,5/29/98,10/2/98,10/22/04,nav,2/28/98,0,NA,NA,10/15/04,1/3/99,talek,tk,14,-0.083333333,Q2,2,low,single,11.8,1998,1999,old,NA,NA,NA,NA,2.093329669,2.581476124,0.123036522,-0.30542005,-0.58906931,12,12,10,12,12,-7.25625
302,whi,subadult,1,75.6086805,75.61196814,309,3/27/01,m,bado,28.9,71,69,41.3,NA,NA,6.4,4/17/00,9/9/00,11/7/03,hg,3/24/00,1,1,NA,NA,6/22/01,talek,tk,10,0.25,Q2,2,med,twin,12.1,2000,2001,old,NA,NA,NA,NA,-0.921826769,-0.575011072,2.372057316,-0.248529216,-1.185507918,12,10,12,12,12,-5.25625
316,zim,cub,1,76.58965334,76.58469632,283,11/7/99,f,bado,32.3,65,65,41,NA,NA,NA,1/7/99,8/4/99,12/12/02,cr,11/29/98,1,1,NA,NA,2/23/00,talek,tk,16,-0.25,Q2,2,low,twin,11.3,1998,1999,old,NA,NA,NA,NA,-0.423677624,0.601186308,-0.455229555,2.831308515,1.541068578,12,12,12,12,12,-7.25625
318,ziti,adult,1,77.38547777,77.38633712,848,6/5/13,m,ok,47.2,77,78,41.69,NA,NA,NA,6/9/10,11/12/10,NA,guci,4/3/10,1,2,NA,NA,7/14/11,talek,NA,14,0.037037037,Q2,2,hi,twin,38.1,2010,2013,old,NA,NA,NA,NA,1.305482587,0.08909754,1.558392271,-0.166599052,-0.572028207,15,21,20,18,15,6.74375
319,ziti,subadult,1,76.95339418,76.9382089,848,4/27/11,m,bado,25.4,57,55,39.8,NA,NA,6,6/9/10,11/12/10,NA,guci,4/3/10,1,2,NA,NA,7/14/11,talek,NA,14,0.037037037,Q2,2,hi,twin,12.8,2010,2011,old,NA,NA,NA,NA,1.305482587,0.08909754,1.558392271,-0.166599052,-0.572028207,15,21,20,18,15,4.74375
7,ali,adult,2,76.31059415,76.27785803,253,1/30/04,f,"pregnant, see comments",58.33,62,63,39.525,NA,NA,7.4,9/7/97,8/18/98,6/11/17,bb,8/4/97,1,1,NA,NA,6/21/98,talek,tk,7,0.52,Q3,3,low,twin,77.8,1997,2001,old,5,0.529411765,Q3,3,-0.322734717,-0.288824566,-0.36072632,0.753964593,-0.194433238,12,10,12,12,12,-5.25625
8,ali,subadult,1,76.63070309,76.59988573,253,4/26/99,f,bado,35,56,58,NA,NA,NA,NA,9/7/97,8/18/98,6/11/17,bb,8/4/97,1,1,NA,NA,6/21/98,talek,tk,7,0.52,Q3,3,low,twin,20.7,1997,1999,old,NA,NA,NA,NA,-0.322734717,-0.288824566,-0.36072632,0.753964593,-0.194433238,12,10,12,12,12,-7.25625
10,alum,cub,1,74.25417095,74.32648831,730,4/28/04,m,bado,19.6,63,63,33.8,NA,NA,6.1,9/23/03,3/3/04,4/26/08,ath,7/26/03,NA,NA,NA,NA,3/16/04,talek,tk,4,0.538461538,Q3,3,med,NA,9.1,2003,2004,old,NA,NA,NA,NA,-0.525441206,-1.0250154,-0.144384203,-1.074827144,-1.212158666,12,12,12,12,10,-2.25625
14,aqua,adult,1,74.34208327,74.37182542,737,10/18/08,f,NA,44.6,61,64,35.4,NA,NA,7.2,6/7/06,12/1/06,NA,mos,4/17/06,1,2,NA,NA,11/8/06,talek,NA,4,0.625,Q3,3,med,twin,30.1,2006,2008,old,NA,NA,NA,NA,-0.10476369,-0.95112081,-0.434402396,-0.571804867,-1.256204755,15,11,18,21,17,1.74375
40,blue,subadult,1,78.94405899,78.94514365,433,7/7/09,f,bado,41.6,68,62,33.32,NA,NA,6.9,5/11/08,10/7/08,6/30/12,mos,2/20/08,1,NA,NA,NA,1/22/09,talek,NA,4,0.625,Q3,3,med,NA,16.5,2008,2009,old,NA,NA,NA,NA,0.200372574,-0.030083894,0.340237759,-0.687953697,0.180493641,17,13,16,14,17,2.74375
44,bnt,subadult,1,78.96434121,78.84948423,690,5/7/13,f,bado,36.8,NA,NA,38.37,NA,NA,NA,2/4/12,7/21/12,NA,mono,9/25/11,0,NA,NA,NA,9/20/12,talek,NA,12,0.333333333,Q3,3,hi,single,19.4,2011,2013,old,NA,NA,NA,NA,-0.101699841,-0.900083182,0.14283534,0.090843147,-0.73859538,18,13,16,14,15,6.74375
45,boa,cub,1,72.99070767,72.99661067,705,7/9/02,m,bado,22.1,72,79,33.1,NA,NA,6.6,8/18/01,1/23/02,7/29/04,ali,7/19/01,0,NA,NA,NA,11/8/02,talek,tk,5,0.529411765,Q3,3,med,single,11.7,2001,2002,old,NA,NA,NA,NA,-0.488921211,0.100255779,0.719422228,0.69099804,0.262345202,8,12,12,12,12,-4.25625
48,brgr,adult,1,76.31810685,76.31082057,659,6/3/15,f,lactating,58.8,0,0,38.96,NA,NA,NA,3/8/12,9/19/12,NA,cen,10/30/11,1,1,NA,NA,12/11/12,talek,NA,7,0.636363636,Q3,3,hi,twin,43.1,2011,2015,old,NA,NA,NA,NA,-0.408289986,-0.506120106,0.290382747,-0.050239807,-0.32192119,16,16,18,14,13,8.74375
49,brgr,subadult,1,76.19953208,76.19867273,659,5/28/13,f,bado,39.8,61,NA,21.52,NA,NA,NA,3/8/12,9/19/12,NA,cen,10/30/11,1,1,NA,NA,12/11/12,talek,NA,7,0.636363636,Q3,3,hi,twin,18.9,2011,2013,old,NA,NA,NA,NA,-0.408289986,-0.506120106,0.290382747,-0.050239807,-0.32192119,16,16,18,14,13,6.74375
52,bsp,subadult,1,75.90787513,75.91035364,302,5/28/00,f,bado,24,71,67,36,5800,4695000,6.6,5/1/99,12/18/99,5/8/01,mp,4/24/99,1,2,NA,NA,3/2/00,talek,tk,8,0.363636364,Q3,3,low,twin,13.1,1999,2000,old,NA,NA,NA,NA,0.081857587,-0.862030727,0.208636147,-0.386061425,0.166248756,12,12,12,12,12,-6.25625
71,cida,subadult,1,77.52583,77.52254236,729,7/30/05,m,bado,35.8,71,66,33.8,NA,NA,7.8,9/5/03,NA,8/3/06,coo,8/7/03,NA,NA,NA,NA,NA,talek,NA,4,0.538461538,Q3,3,med,NA,23.8,2003,2005,old,NA,NA,NA,NA,-1.545539042,-1.092187997,0.740509727,-0.995842783,-1.166871032,12,12,12,12,11,-1.25625
78,coo,adult,1,75.90861592,75.89374485,272,2/26/02,f,pregnant,48.6,54,59,43.1,20775,9550000,7.2,1/5/99,7/22/99,12/7/05,kip,12/3/98,1,1,croc?,12/6/05,NA,talek,tk,6,0.583333333,Q3,3,low,twin,38.8,1998,2002,old,4,0.5,Q3,3,-0.014161276,0.316353668,-0.711403614,1.273714827,3.548843657,12,12,12,12,12,-4.25625
85,cuj,subadult,1,66.05127515,66.03218062,251,5/11/99,m,bado,34.9,60,56,NA,NA,NA,NA,7/15/97,3/18/98,6/3/01,kip,7/9/97,1,2,NA,NA,8/6/98,talek,tk,6,0.6,Q3,3,low,twin,22,1997,1999,old,NA,NA,NA,NA,-0.5730403,-0.425148488,0.737385653,0.082873696,-0.015053205,12,12,12,12,12,-7.25625
86,cy,subadult,1,74.53961831,74.54214318,610,5/27/12,m,bado,35.2,60,NA,37.45,NA,NA,6.8,1/22/11,5/25/11,10/22/13,aqua,10/30/10,1,1,NA,NA,8/9/11,talek,tk,9,0.407407407,Q3,3,hi,twin,18.9,2010,2012,old,NA,NA,NA,NA,-0.63787355,-0.350685841,-0.388686781,1.076372284,1.062319852,9,13,15,21,17,5.74375
91,deb,cub,1,78.31702342,78.31608409,171,7/24/96,f,bado,20,NA,NA,NA,NA,NA,NA,12/29/95,6/25/96,8/12/96,dj,11/9/95,1,1,NA,NA,NA,talek,tk,7,0.555555556,Q3,3,low,twin,8.5,1995,1996,old,NA,NA,NA,NA,1.669533593,3.859838337,-0.419302705,-0.319780842,1.399486481,10,12,12,12,12,-10.25625
102,dth,adult,1,80.55808693,80.53097036,606,5/3/11,m,bado,48.8,52,52,37.1,NA,NA,6.7,2/4/09,11/24/09,11/11/11,sbl,1/1/09,1,1,NA,NA,11/11/09,talek,NA,8,0.333333333,Q3,3,hi,twin,28,2009,2011,old,NA,NA,NA,NA,-0.017443972,-0.48620265,-1.066432297,-0.766732903,0.475679313,3,16,7,10,16,4.74375
117,ge,subadult,1,77.5568791,77.53301652,621,7/6/11,f,bado,40,66,82,35.13,NA,NA,6.1,1/31/10,7/8/10,7/14/12,adon,12/25/09,1,2,NA,NA,1/3/11,talek,NA,7,0.428571429,Q3,3,hi,twin,18.3,2009,2011,old,NA,NA,NA,NA,1.392973576,0.610038511,-0.233420309,-0.561704968,-0.292131291,23,16,18,15,16,4.74375
120,ger,adult,1,72.97223136,72.97608353,82,4/14/05,f,lactating,60.2,63,62,12,NA,NA,6.5,11/29/92,6/8/93,6/2/05,coch,11/7/92,1,1,humans,6/2/05,12/1/93,talek,tk,5,0.466666667,Q3,3,low,twin,149.2,1992,2005,old,13,-0.5,Q1 (lowest),1,-0.518711678,1.443187,-0.334171692,1.903048958,1.295702319,10,12,12,10,12,-1.25625
128,guci,adult,2,78.49241164,78.4766268,753,12/29/08,f,lactating,59.6,70.5,68,41.59,NA,NA,7.55,5/31/04,9/1/04,1/24/12,zc,2/5/04,0,NA,unk,NA,NA,talek,NA,5,0.466666667,Q3,3,med,single,58.8,2004,2010,old,14,0.037037037,Q2,2,-1.489733207,-0.665720114,-1.262802656,-1.12177589,0.409052443,10,12,12,12,12,3.74375
129,guci,cub,1,75.6006363,75.57585118,753,11/22/04,f,bado,31.6,70,67,41.2,NA,NA,6.8,5/31/04,9/1/04,1/24/12,zc,2/5/04,0,NA,unk,NA,NA,talek,NA,5,0.466666667,Q3,3,med,single,9.6,2004,2004,old,NA,NA,NA,NA,-1.489733207,-0.665720114,-1.262802656,-1.12177589,0.409052443,10,12,12,12,12,-2.25625
134,hem,subadult,1,68.47572888,68.4684426,247,11/30/98,f,bado,35,71,66,NA,NA,NA,NA,9/27/97,7/7/98,12/22/06,who,9/26/97,1,1,NA,NA,8/10/98,talek,tk,5,0.68,Q3,3,low,twin,14.1,1997,1998,old,NA,NA,NA,NA,-0.336686175,-0.330690278,-0.235763364,0.298837927,-0.001599703,12,10,12,12,12,-8.25625
145,hrpy,adult,1,78.07705718,78.08968154,842,5/24/12,f,bado,42.8,NA,NA,45.29,NA,NA,8,4/2/10,5/22/10,NA,pan,10/29/09,NA,NA,NA,NA,6/17/10,talek,NA,4,0.714285714,Q3,3,hi,NA,30.8,2009,2012,old,8,0.658536585,Q3,3,0.35295358,0.870025472,-0.194890064,-0.857078436,0.108590889,18,14,18,13,9,5.74375
148,ika,subadult,1,76.50396531,76.5309305,516,6/28/14,m,bado,39.4,66,68,37.85,NA,NA,NA,2/15/13,NA,3/5/15,hrpy,1/25/13,1,NA,NA,NA,10/23/13,talek,NA,8,0.65,Q3,3,hi,NA,17,2013,2014,old,NA,NA,NA,NA,NA,NA,NA,-0.061838909,0.545349236,NA,NA,NA,12,16,7.74375
154,jj,adult,1,77.53743835,77.55284703,106,8/28/01,f,pregnant,62,67,69,37.62,20075,5855000,7.9,10/23/92,3/29/93,1/24/03,dj,9/15/92,1,2,NA,NA,8/6/93,talek,tk,4,0.6,Q3,3,low,twin,107.4,1992,2001,old,4,0.2,Q2,2,0.116490032,-0.428272794,-1.022248966,2.998114647,-0.218137028,10,12,10,12,12,-5.25625
155,jlt,subadult,1,76.53164774,76.5359017,561,9/15/14,m,bado,42.8,72,93,43.68,NA,NA,NA,11/13/13,NA,NA,mgta,3/23/13,1,2,NA,NA,12/4/13,talek,tk,10,0.55,Q3,3,hi,twin,17.8,2013,2014,old,NA,NA,NA,NA,NA,NA,NA,NA,-0.100899364,NA,NA,NA,NA,20,7.74375
156,jone,cub,1,74.13833083,74.10014176,169,6/8/96,f,bado,25.9,NA,NA,NA,NA,NA,NA,9/6/95,4/19/96,5/25/97,jab,8/1/95,1,1,NA,NA,7/15/96,talek,tk,5,0.703703704,Q3,3,low,twin,10.2,1995,1996,old,NA,NA,NA,NA,-0.639983854,0.813118455,0.556970386,1.023979061,0.176682085,14,12,14,14,14,-10.25625
164,keng,subadult,1,74.29120809,74.29849437,576,5/5/15,f,bado,29,77,76,37.4,NA,NA,NA,6/3/14,NA,NA,aqua,3/17/14,1,2,NA,NA,NA,talek,NA,12,0.5,Q3,3,hi,twin,13.6,2014,2015,old,NA,NA,NA,NA,NA,NA,NA,NA,NA,NA,NA,NA,NA,NA,8.74375
165,kier,cub,1,72.62004786,72.61276158,352,11/7/01,f,bado,21.6,NA,NA,26.61,29400,5625000,6.4,2/6/01,11/1/01,6/3/05,mali,12/25/00,1,2,speared,NA,4/7/02,talek,tk,8,0.416666667,Q3,3,med,twin,10.4,2000,2001,old,NA,NA,NA,NA,1.385087969,0.27313409,0.027439861,-0.516855108,-0.812653707,12,12,12,10,12,-5.25625
168,ksi,subadult,1,72.20820854,72.21008719,769,3/8/06,m,bado,33.4,75,66,38,NA,NA,7.5,6/29/05,10/17/05,5/25/08,art,1/3/05,0,NA,NA,NA,2/8/06,talek,tk,5,0.5,Q3,3,med,single,14.1,2005,2006,old,NA,NA,NA,NA,-1.678189811,-0.238210795,-1.214379511,-0.909125688,-0.776137058,11,12,12,12,12,-0.25625
169,ktn,cub,1,75.63719225,75.60001456,335,8/2/01,m,bado,20.1,69,69,30,15350,6030000,6.2,4/2/01,7/25/01,1/22/03,csn,12/15/00,0,NA,NA,NA,6/15/01,talek,tk,5,0.666666667,Q3,3,med,single,7.6,2000,2001,old,NA,NA,NA,NA,1.17827811,0.405396413,0.166148742,-0.40870729,1.400127124,12,12,10,12,12,-5.25625
172,lav,subadult,1,76.02853557,76.0328323,715,8/6/09,m,bado,39.8,69,69,28.91,NA,NA,6,5/11/08,10/15/08,11/22/10,mos,2/20/08,1,1,NA,NA,10/23/08,talek,NA,4,0.625,Q3,3,med,twin,17.5,2008,2009,old,NA,NA,NA,NA,0.200372574,-0.030083894,0.340237759,-0.687953697,0.180493641,17,13,16,14,17,2.74375
177,luo,cub,1,76.20578453,76.21337717,751,12/6/04,m,bado,25.4,75,75,40.6,NA,NA,7.2,5/31/04,9/1/04,3/20/08,art,2/7/04,1,1,NA,NA,10/7/04,talek,tk,3,0.733333333,Q3,3,med,twin,10,2004,2004,old,NA,NA,NA,NA,-1.489733207,-0.665720114,-1.262802656,-1.12177589,0.409052443,10,12,12,12,12,-2.25625
189,mgta,adult,1,78.16747376,78.13858248,807,4/11/12,f,lactating,64.8,35,37,44.65,7,NA,6.7,2/17/09,8/5/09,NA,mos,1/10/09,1,1,NA,NA,10/9/09,talek,NA,5,0.619047619,Q3,3,hi,twin,39,2009,2012,old,12,0.463414634,Q3,3,0.709673231,-0.770784945,-1.213442289,-0.724460621,0.311034068,6,13,5,9,18,5.74375
196,mono,cub,1,75.15571488,75.15354555,708,7/6/09,f,bado,30.6,62,70,32.89,NA,NA,6.8,7/28/08,4/18/09,3/15/13,adon,7/22/08,1,1,humans (snare?),NA,8/20/09,talek,tk,5,0.5,Q3,3,med,twin,11.5,2008,2009,old,NA,NA,NA,NA,-1.079630664,-1.059278632,0.814155174,-0.20560929,0.091118808,7,5,17,17,11,2.74375
197,mp,adult,3,74.49869659,74.4982169,145,8/18/02,f,lactating,54.93333333,NA,65.33333333,NA,NA,NA,NA,8/14/94,3/18/95,7/13/13,dj,7/23/94,1,1,NA,NA,8/30/95,talek,tk,7,0.5,Q3,3,low,twin,96.9,1994,2005,old,11,-0.25,Q1 (lowest),1,2.151597527,0.088279269,0.205512073,0.400468154,0.161764255,12,12,12,12,12,-1.25625
201,mt,subadult,1,75.94035186,75.9273359,833,6/24/11,f,bado,37.2,78,70,31.44,NA,NA,6.8,1/31/10,8/3/10,4/12/14,adon,12/25/09,1,1,poison (april 2014 incident),4/12/14,1/3/11,talek,NA,7,0.428571429,Q3,3,hi,twin,17.9,2009,2011,old,NA,NA,NA,NA,1.392973576,0.610038511,-0.233420309,-0.561704968,-0.292131291,23,16,18,15,16,4.74375
204,nav,adult,3,76.42381172,76.40802174,100,6/11/02,f,lactating,58.5,56.66666667,60,NA,NA,NA,NA,11/29/92,6/8/93,7/20/16,coch,11/7/92,1,2,NA,NA,11/29/93,talek,tk,5,0.466666667,Q3,3,low,twin,115.1,1992,2002,old,12,-0.466666667,Q1 (lowest),1,-0.518711678,1.443187,-0.334171692,1.903048958,1.295702319,10,12,12,10,12,-4.25625
208,nola,cub,1,77.25373921,77.24810891,380,6/2/01,f,bado,13.3,67,71,31.28,16100,8915000,6.2,10/11/00,5/25/01,3/27/02,mp,9/25/00,0,NA,NA,NA,8/15/01,talek,tk,9,0.333333333,Q3,3,med,single,8.2,2000,2001,old,NA,NA,NA,NA,-0.106076769,0.714182072,-0.487095109,-0.701998868,1.747355615,12,12,10,12,12,-5.25625
209,ntz,cub,1,77.48948608,77.50825374,350,10/30/01,m,bado,14.8,65,71,69.4,21725,7090000,6.9,3/27/01,11/1/01,12/27/02,mali,12/25/00,1,1,NA,NA,4/7/02,talek,tk,8,0.416666667,Q3,3,med,twin,10.2,2000,2001,old,NA,NA,NA,NA,1.385087969,0.27313409,0.027439861,-0.516855108,-0.812653707,12,12,12,10,12,-5.25625
214,odd,subadult,1,75.55196054,75.55339278,698,6/25/13,f,bado,39.2,74,72,38.07,NA,NA,NA,3/6/12,9/14/12,NA,mgta,1/3/12,1,1,NA,NA,4/13/13,talek,NA,12,0.463414634,Q3,3,hi,twin,17.7,2012,2013,old,NA,NA,NA,NA,-1.028514395,0.517871459,-0.012254254,0.026351088,0.106943521,15,18,17,18,14,6.74375
225,parc,cub,1,77.14083041,77.13757642,509,7/20/09,f,bado,32.8,72,76,38.22,NA,NA,6.6,8/8/08,5/4/09,NA,adon,7/22/08,1,2,NA,NA,7/18/09,talek,tk,5,0.5,Q3,3,med,twin,11.9,2008,2009,old,NA,NA,NA,NA,-1.079630664,-1.059278632,0.814155174,-0.20560929,0.091118808,7,5,17,17,11,2.74375
243,rinc,cub,1,77.4841734,77.48370374,170,6/8/96,m,bado,24.6,NA,NA,NA,NA,NA,NA,9/6/95,4/19/96,5/9/97,jab,8/1/95,1,2,NA,NA,7/15/96,talek,tk,5,0.703703704,Q3,3,low,twin,10.2,1995,1996,old,NA,NA,NA,NA,-0.639983854,0.813118455,0.556970386,1.023979061,0.176682085,14,12,14,14,14,-10.25625
245,robn,subadult,1,78.91125462,78.90638499,548,7/7/14,m,bado,35.8,71,71,43.79,NA,NA,NA,6/13/13,NA,9/11/15,aqua,4/14/13,1,2,NA,NA,11/25/13,talek,NA,12,0.45,Q3,3,hi,twin,14.8,2013,2014,old,NA,NA,NA,NA,NA,NA,NA,NA,0.035261908,NA,NA,NA,NA,13,7.74375
251,rump,cub,1,78.79819646,78.79209084,330,6/1/01,f,bado,23.6,58,58,35.64,13900,6865000,7,7/12/00,1/27/01,5/17/03,wr,6/25/00,0,NA,humans (spear),NA,8/25/01,talek,tk,7,0.5,Q3,3,med,single,11.2,2000,2001,old,NA,NA,NA,NA,-0.646736829,-0.231962182,-0.748892501,1.505144528,-0.286685826,10,12,12,12,12,-5.25625
252,saki,subadult,1,76.25651667,76.22673893,593,5/6/15,m,bado,40.6,57,89,36.6,NA,NA,NA,1/4/14,NA,5/7/15,ted,11/27/13,1,NA,NA,NA,NA,talek,NA,13,0.4,Q3,3,hi,NA,17.2,2013,2015,old,NA,NA,NA,NA,NA,NA,NA,NA,NA,NA,NA,NA,NA,NA,8.74375
253,sam,adult,1,77.4411996,77.41492488,742,9/19/09,f,lactating,66,62,NA,43.01,NA,NA,7.6,9/19/06,6/7/07,4/30/12,art,8/7/06,1,1,NA,NA,8/24/07,talek,tk,6,0.375,Q3,3,med,twin,37.4,2006,2009,old,10,0.142857143,Q2,2,-0.789534113,-0.279087143,-0.929047429,0.021564157,-0.394100298,10,24,18,15,18,2.74375
258,shfx,subadult,1,77.82800192,77.84315116,650,6/6/12,f,bado,35,60,60,39.4,NA,NA,7.1,1/22/11,8/4/11,4/25/13,blue,12/18/10,1,1,NA,NA,4/30/12,talek,tk,8,0.481481481,Q3,3,hi,twin,17.6,2010,2012,old,NA,NA,NA,NA,-0.826956849,0.224754672,-0.331828636,0.542971406,0.859424454,15,11,9,18,15,5.74375
260,sie,cub,1,77.12681979,77.14746422,245,10/29/98,f,bado,27.2,71,64,NA,NA,NA,NA,12/20/97,7/15/98,2/2/99,gil,11/15/97,0,1,NA,NA,9/7/98,talek,tk,4,0.76,Q3,3,low,single,11.4,1997,1998,old,NA,NA,NA,NA,-0.195694375,-0.36526594,-0.24770179,-0.427486789,0.876081171,10,12,14,12,12,-8.25625
267,srn,subadult,1,73.28804605,73.29603033,725,9/22/09,m,bado,39.2,72,68,40.07,NA,NA,6.3,4/14/08,12/6/08,10/22/11,pan,3/1/08,1,2,NA,NA,1/23/09,talek,tk,3,0.75,Q3,3,med,twin,18.7,2008,2009,old,NA,NA,NA,NA,0.630888523,-0.030083894,0.203349252,-0.432181663,0.327434528,18,13,13,16,15,2.74375
274,sx,adult,1,75.18231853,75.15257638,29,10/29/99,f,lactating,55,51,56,NA,NA,NA,NA,11/21/89,4/24/90,7/7/00,coch,10/14/89,1,1,NA,NA,1/15/91,talek,tk,4,0.7,Q3,3,low,twin,120.5,1989,1999,old,13,-0.090909091,Q1 (lowest),1,-0.176654737,0.379360522,-0.973044803,-0.213179572,-0.131009584,12,12,12,12,12,-7.25625
275,tab,adult,1,77.27861081,77.26127604,437,6/25/09,m,ok,56.6,62,65,38.09,NA,NA,6.6,8/1/07,NA,11/4/10,adon,1/1/07,1,NA,NA,NA,5/20/08,talek,tk,6,0.411764706,Q3,3,med,NA,29.8,2007,2009,old,NA,NA,NA,NA,-0.176490602,0.127020674,-0.066775631,-0.959704085,-0.146128758,20,20,19,14,15,2.74375
279,tato,subadult,1,77.55212541,77.54553708,524,2/19/14,f,bado,34.8,60,62,25.15,NA,NA,NA,1/23/13,8/6/13,NA,loki,11/25/12,1,NA,NA,NA,11/2/13,talek,tk,6,0.756097561,Q3,3,hi,NA,14.8,2012,2014,old,NA,NA,NA,NA,NA,NA,-0.395872151,-0.004211625,0.214754581,NA,NA,6,18,21,7.74375
280,tdum,subadult,1,77.88375671,77.88751402,218,7/7/97,m,bado,32.5,60,58,NA,NA,NA,NA,5/20/96,12/19/96,12/7/99,bb,3/20/96,1,1,NA,NA,4/28/97,talek,tk,6,0.62962963,Q3,3,low,twin,15.6,1996,1997,old,NA,NA,NA,NA,4.680914931,0.269489065,4.455814602,0.344681997,-1.03303489,12,12,10,12,12,-9.25625
290,tpe,cub,2,77.25236949,77.23951185,919,10/15/09,f,bado,25,69,63.5,38.57,NA,NA,6.25,2/17/09,8/5/09,5/28/13,mos,1/10/09,1,2,NA,NA,10/29/09,talek,NA,5,0.619047619,Q3,3,hi,twin,9.2,2009,2009,old,NA,NA,NA,NA,0.709673231,-0.770784945,-1.213442289,-0.724460621,0.311034068,6,13,5,9,18,2.74375
291,twst,subadult,1,77.65458724,77.66468673,627,5/7/12,f,bsdo,34.3,57,67,33.58,NA,NA,NA,5/12/11,11/19/11,NA,adon,3/3/11,0,NA,NA,NA,5/30/12,talek,NA,11,0.393939394,Q3,3,hi,single,14.2,2011,2012,old,NA,NA,NA,NA,0.989249522,-0.443243431,-0.51339246,-0.346661301,0.533977823,9,16,17,9,18,5.74375
294,umbr,subadult,1,76.35363586,76.35535455,564,1/31/15,f,bado,51.6,72,79,43.4,NA,NA,NA,10/11/13,NA,NA,mgta,3/23/13,1,1,NA,NA,12/4/13,talek,tk,10,0.55,Q3,3,hi,twin,22.3,2013,2015,old,NA,NA,NA,NA,NA,NA,NA,NA,-0.100899364,NA,NA,NA,NA,20,8.74375
311,yet,subadult,1,76.26205727,76.24438316,243,10/20/98,m,bado,37,60,71,NA,NA,NA,NA,7/15/97,3/18/98,3/13/01,kip,7/9/97,1,1,NA,NA,7/18/98,talek,tk,6,0.6,Q3,3,low,twin,15.4,1997,1998,old,NA,NA,NA,NA,-0.5730403,-0.425148488,0.737385653,0.082873696,-0.015053205,12,12,12,12,12,-8.25625
317,zing,cub,1,71.6091276,71.6032246,177,7/27/96,f,bado,21.1,NA,NA,NA,NA,NA,NA,12/29/95,6/29/96,7/24/97,dj,11/9/95,1,2,NA,NA,NA,talek,tk,7,0.555555556,Q3,3,low,twin,8.6,1995,1996,old,NA,NA,NA,NA,1.669533593,3.859838337,-0.419302705,-0.319780842,1.399486481,10,12,12,12,12,-10.25625
1,acon,subadult,1,75.57616611,75.54688021,607,5/5/11,m,bado,33.8,46,50,38.63,NA,NA,6.6,1/30/10,8/3/10,8/30/13,hel,12/18/09,1,1,NA,NA,8/20/10,talek,tk,3,0.80952381,Q4,4,hi,twin,16.5,2009,2011,old,NA,NA,NA,NA,1.450906028,0.609517793,-0.233420309,-0.561704968,-0.292131291,20,15,18,15,16,4.74375
3,adon,adult,1,72.98216539,72.98921034,355,12/30/03,f,preg,63.5,83,82,64.2,NA,NA,7.5,5/22/01,10/8/01,NA,mrph,3/20/01,1,2,NA,NA,12/6/01,talek,tk,1,1,Q4,4,med,twin,33.3,2001,2003,old,2,0.846153846,Q4,4,0.689977054,-0.212435264,1.446550426,-0.15297471,-0.597910183,12,8,12,12,10,-3.25625
4,adon,cub,1,77.81591859,77.76289627,355,2/8/02,f,bado,32.4,63,66,34.4,17050,6395000,6.8,5/22/01,10/8/01,NA,mrph,3/20/01,1,2,NA,NA,12/6/01,talek,tk,1,1,Q4,4,med,twin,10.7,2001,2002,old,NA,NA,NA,NA,0.689977054,-0.212435264,1.446550426,-0.15297471,-0.597910183,12,8,12,12,10,-4.25625
5,alde,subadult,1,76.06680775,76.02176537,630,4/30/12,m,bado,39.4,50,51,38.28,NA,NA,6.8,12/13/10,6/8/11,3/21/13,loki,11/1/10,1,1,NA,NA,8/10/11,talek,NA,3,0.851851852,Q4,4,hi,twin,17.9,2010,2012,old,NA,NA,NA,NA,-0.63787355,-0.403799058,-0.388686781,1.182210801,1.062319852,9,14,15,18,17,5.74375
12,amaz,adult,1,77.69601207,77.64533939,813,6/16/12,f,lactating,52.4,59,58,35.81,NA,NA,8.2,6/3/09,11/19/09,NA,hel,2/15/09,1,1,NA,NA,9/29/09,talek,NA,3,0.80952381,Q4,4,hi,twin,40,2009,2012,old,2,0.951219512,Q4,4,-0.029977903,-0.833614412,-1.364335058,-0.883718131,0.407931318,11,14,2,8,16,5.74375
17,art,adult,2,69.18655409,69.17336368,323,7/30/06,f,preg,54.9,61,64.5,39.75,NA,NA,6.8,5/30/00,9/30/00,1/3/14,mrph,3/24/00,1,1,humans (spear),1/3/14,12/14/00,talek,tk,1,1,Q4,4,med,twin,76.2,2000,2004,old,3,0.733333333,Q3,3,-0.921826769,-0.575011072,2.372057316,-0.248529216,-1.185507918,12,10,12,12,12,-2.25625
18,art,subadult,1,70.8572456,70.87910445,323,5/13/01,f,bado,28.34,66,71,37.67,25350,8035000,6.9,5/30/00,9/30/00,1/3/14,mrph,3/24/00,1,1,humans (spear),1/3/14,12/14/00,talek,tk,1,1,Q4,4,med,twin,13.6,2000,2001,old,NA,NA,NA,NA,-0.921826769,-0.575011072,2.372057316,-0.248529216,-1.185507918,12,10,12,12,12,-5.25625
19,atac,adult,1,74.281726,74.28783162,632,6/13/12,f,pregnant,49.8,71,74,39.895,NA,NA,7.2,6/3/09,10/18/09,NA,hel,2/15/09,1,2,NA,NA,7/15/09,talek,NA,3,0.80952381,Q4,4,hi,twin,39.9,2009,2012,old,3,0.902439024,Q4,4,-0.029977903,-0.833614412,-1.364335058,-0.883718131,0.407931318,11,14,2,8,16,5.74375
21,ath,adult,1,76.68190119,76.6414534,286,7/14/03,f,pregnant,54.7,70,74,35.5,NA,NA,7.2,1/17/99,7/19/99,3/31/04,mrph,11/20/98,1,1,snake bite,3/31/04,12/17/99,talek,tk,2,0.916666667,Q4,4,low,twin,55.7,1998,2003,old,4,0.538461538,Q3,3,-0.423677624,0.601186308,-0.455229555,2.831308515,1.541068578,12,12,12,12,12,-3.25625
22,ath,subadult,1,78.03475892,78.00253826,286,11/26/99,f,bado,27,NA,NA,55.05,NA,NA,NA,1/17/99,7/19/99,3/31/04,mrph,11/20/98,1,1,snake bite,3/31/04,12/17/99,talek,tk,2,0.916666667,Q4,4,low,twin,12.2,1998,1999,old,NA,NA,NA,NA,-0.423677624,0.601186308,-0.455229555,2.831308515,1.541068578,12,12,12,12,12,-7.25625
25,bacc,subadult,1,71.87385294,71.88511354,329,5/25/01,m,bado,26.14,58,57,36.42,9175,6215000,7.6,5/30/00,9/30/00,10/6/03,mrph,3/24/00,1,2,NA,NA,12/13/00,talek,tk,1,1,Q4,4,med,twin,14,2000,2001,old,NA,NA,NA,NA,-0.921826769,-0.575011072,2.372057316,-0.248529216,-1.185507918,12,10,12,12,12,-5.25625
31,baj,cub,1,68.90524824,68.88753924,84,7/14/93,m,bado,14.4,NA,NA,NA,NA,NA,NA,1/11/93,1/1/94,11/18/96,bb,1/1/93,1,2,NA,NA,9/14/93,talek,tk,3,0.777777778,Q4,4,low,twin,6.4,1993,1993,old,NA,NA,NA,NA,-0.16797904,1.228428099,0.069614859,-0.80631188,3.178552018,14,14,12,14,12,-13.25625
38,bgl,cub,1,77.46657603,77.41965688,761,6/12/05,m,bado,22.8,63,61,37.6,NA,NA,7,10/8/04,4/13/05,5/13/07,adon,7/21/04,1,2,NA,NA,9/6/05,talek,tk,2,0.866666667,Q4,4,med,twin,10.7,2004,2005,old,NA,NA,NA,NA,-1.166387634,-1.073442156,-0.879322586,-1.088193728,-1.151553841,12,12,12,10,12,-1.25625
42,bncl,adult,1,75.8395757,75.8395757,698,7/12/15,m,active,48.4,NA,NA,30.78,NA,NA,NA,12/1/12,7/29/13,6/16/17,amaz,11/3/12,1,NA,NA,NA,9/23/13,talek,tk,2,0.951219512,Q4,4,hi,NA,32.2,2012,2015,old,NA,NA,NA,NA,NA,NA,0.156307909,0.468820004,-0.513153117,NA,NA,12,16,16,8.74375
43,bncl,subadult,1,77.11912413,77.11597319,702,2/15/14,m,bado,32.6,70,70,34.99,NA,NA,NA,12/1/12,7/29/13,6/16/17,amaz,11/3/12,1,NA,NA,NA,9/23/13,talek,tk,2,0.951219512,Q4,4,hi,NA,15.4,2012,2014,old,NA,NA,NA,NA,NA,NA,0.156307909,0.468820004,-0.513153117,NA,NA,12,16,16,7.74375
53,buar,adult,1,77.60340637,77.61098099,845,5/26/12,f,pregnant?,57.8,56,54,30,NA,NA,6.8,1/30/10,8/3/10,NA,hel,12/18/09,1,2,NA,NA,6/27/10,talek,NA,3,0.80952381,Q4,4,hi,twin,29.2,2009,2012,old,NA,NA,NA,NA,1.450906028,0.609517793,-0.233420309,-0.561704968,-0.292131291,20,15,18,15,16,5.74375
56,byte,subadult,1,70.87341993,70.85713597,513,9/17/14,f,bado,48,96,95,49.7,NA,NA,NA,2/7/13,8/8/13,NA,buar,1/12/13,1,NA,NA,NA,10/31/13,talek,tk,2,0.95,Q4,4,hi,NA,20.1,2013,2014,old,NA,NA,NA,NA,NA,NA,NA,0.029041967,0.597615025,NA,NA,NA,13,18,7.74375
66,chle,subadult,1,78.76638918,78.761806,680,2/2/14,m,bado,38.8,68,50,38,NA,NA,NA,11/4/12,6/7/13,3/26/16,hel,10/4/12,1,1,NA,NA,8/28/13,talek,NA,1,1,Q4,4,hi,twin,16,2012,2014,old,NA,NA,NA,NA,NA,NA,0.082423561,0.642392279,-0.895937294,NA,NA,15,18,15,7.74375
69,chw,adult,1,77.05309457,77.05732154,304,8/13/01,f,bado,55,52,52,41,13850,6310000,7.8,4/16/99,9/24/99,7/25/13,sein,3/19/99,0,NA,NA,NA,2/28/00,talek,tk,3,0.818181818,Q4,4,low,single,28.8,1999,2001,old,NA,NA,NA,NA,0.799126702,-1.052613444,0.280489846,-0.779878552,0.592916977,12,12,12,12,12,-5.25625
70,chw,subadult,1,75.55955293,75.56450995,304,6/17/00,f,bado,35.6,62,60,41.4,17700,6750000,8,4/16/99,9/24/99,7/25/13,sein,3/19/99,0,NA,NA,NA,2/28/00,talek,tk,3,0.818181818,Q4,4,low,single,15,1999,2000,old,NA,NA,NA,NA,0.799126702,-1.052613444,0.280489846,-0.779878552,0.592916977,12,12,12,12,12,-6.25625
74,cnet,subadult,1,68.43585852,68.45771737,713,7/7/03,m,bado,53.2,NA,NA,NA,NA,NA,NA,9/14/01,8/3/02,7/20/06,hem,8/12/01,0,NA,NA,NA,NA,talek,tk,2,0.8,Q4,4,med,single,22.8,2001,2003,old,NA,NA,NA,NA,-0.481535144,-0.088764785,-0.160004572,1.256592344,0.49233603,8,12,12,12,12,-3.25625
82,csn,adult,2,75.07052,75.03712213,249,1/10/03,f,lactating,62.4,68.5,87.5,42.05,NA,NA,7.3,7/15/98,7/15/98,5/3/05,bsh,2/15/98,0,NA,lions,5/3/05,12/14/98,talek,tk,1,1,Q4,4,low,single,58.8,1998,2004,old,6,0.333333333,Q3,3,-0.316169324,4.122800829,-0.057847356,-0.347555563,-0.49425415,12,12,10,14,12,-2.25625
83,csn,cub,1,77.45718877,77.42444532,249,1/29/99,f,bado,36,64,66,NA,NA,NA,NA,7/15/98,7/15/98,5/3/05,bsh,2/15/98,0,NA,lions,5/3/05,12/14/98,talek,tk,1,1,Q4,4,low,single,11.4,1998,1999,old,NA,NA,NA,NA,-0.316169324,4.122800829,-0.057847356,-0.347555563,-0.49425415,12,12,10,14,12,-7.25625
88,darw,adult,1,76.92464124,76.91921793,208,4/27/99,m,NA,50,64,65,NA,NA,NA,NA,8/20/96,1/2/97,3/25/02,jb,7/1/96,0,NA,NA,NA,6/1/97,talek,tk,2,0.925925926,Q4,4,low,single,33.8,1996,1999,old,NA,NA,NA,NA,0.565703556,-0.123504102,4.089628512,2.615344284,0.506704737,14,14,14,12,14,-7.25625
89,darw,cub,1,66.26418377,66.18335849,208,6/11/97,m,bado,29.6,NA,58,NA,NA,NA,NA,8/20/96,1/2/97,3/25/02,jb,7/1/96,0,NA,NA,NA,6/1/97,talek,tk,2,0.925925926,Q4,4,low,single,11.3,1996,1997,old,NA,NA,NA,NA,0.565703556,-0.123504102,4.089628512,2.615344284,0.506704737,14,14,14,12,14,-9.25625
92,decm,subadult,1,74.78748161,74.78862741,520,7/12/14,f,bado,48.8,62,70,13.91,NA,NA,NA,2/7/13,NA,NA,buar,1/12/13,1,NA,NA,NA,10/31/13,talek,tk,2,0.95,Q4,4,hi,NA,17.9,2013,2014,old,NA,NA,NA,NA,NA,NA,NA,0.029041967,0.597615025,NA,NA,NA,13,18,7.74375
95,dion,subadult,1,72.0611318,72.03943854,844,6/19/11,f,bado pregnant?,53.8,48,39,36.71,NA,NA,7.5,11/14/09,3/26/10,3/20/12,mrph,8/4/09,0,NA,NA,NA,7/30/10,talek,NA,1,1,Q4,4,hi,single,22.5,2009,2011,old,2,0.939393939,Q4,4,-0.339695314,0.059292644,-0.937898971,-0.101757896,-1.277119863,18,18,11,11,4,4.74375
97,dna,cub,1,70.00923263,69.97388441,216,11/7/97,m,bado,28.12,66,58,NA,NA,NA,NA,1/25/97,6/14/97,12/9/99,gil,12/23/96,1,1,NA,NA,7/24/97,talek,tk,3,0.851851852,Q4,4,low,twin,10.5,1996,1997,old,NA,NA,NA,NA,0.117146571,0.193984984,0.291424105,0.378926964,3.561015874,12,12,12,12,12,-9.25625
108,endr,adult,1,74.59664545,74.62746281,648,2/2/14,m,bado,46.6,73,74,35.5,NA,NA,NA,12/13/10,7/6/11,3/27/14,loki,11/1/10,1,2,poison (april 2014 incident),4/3/14,8/11/11,talek,NA,3,0.851851852,Q4,4,hi,twin,39.1,2010,2014,old,NA,NA,NA,NA,-0.63787355,-0.403799058,-0.388686781,1.182210801,1.062319852,9,14,15,18,17,7.74375
115,gala,subadult,1,76.4358169,76.42980147,658,9/4/13,f,bado,49.8,69,68,40.36,NA,NA,NA,1/8/12,9/15/12,4/10/14,hel,1/6/12,0,NA,humans (poison - april 2014),4/12/14,7/17/12,talek,NA,1,1,Q4,4,hi,single,19.9,2012,2013,old,NA,NA,NA,NA,-0.873648375,0.580357596,-0.044413839,-0.041344255,0.106943521,17,16,15,19,14,6.74375
125,goof,subadult,1,75.84885581,75.8511474,519,9/19/14,f,bado,49,94,91,56.78,NA,NA,NA,12/28/12,8/26/13,5/9/17,juno,11/12/12,NA,NA,NA,NA,10/24/13,talek,tk,4,0.853658537,Q4,4,hi,NA,22.2,2012,2014,old,NA,NA,NA,NA,NA,NA,0.163857754,0.286134149,-0.267702563,NA,NA,9,16,19,7.74375
131,gura,subadult,1,75.89965287,75.90543113,767,7/27/05,m,bado,38,60,57,40.4,NA,NA,7.7,9/8/03,6/9/04,9/4/06,chw,7/26/03,NA,NA,NA,NA,NA,talek,NA,1,1,Q4,4,med,NA,24,2003,2005,old,NA,NA,NA,NA,-0.525441206,-1.0250154,-0.144384203,-1.074827144,-1.212158666,12,12,12,12,10,-1.25625
133,hel,adult,2,75.87165784,75.9165131,604,1/22/11,f,lactating,56.4,60,61,45.705,NA,NA,6.4,6/8/06,11/11/06,NA,mrph,2/1/06,NA,NA,NA,NA,12/30/06,talek,NA,1,1,Q4,4,med,NA,59.6,2006,2012,old,1,1,Q4,4,-0.671357051,-0.387284864,-0.238627099,-1.068309553,-0.515651625,15,21,18,20,15,5.74375
135,her,cub,1,72.31944135,72.3413002,258,8/11/99,m,bado,20.2,70,71,NA,NA,NA,NA,1/17/99,7/19/99,1/10/03,mrph,11/20/98,1,2,NA,NA,12/9/99,talek,tk,2,0.916666667,Q4,4,low,twin,8.7,1998,1999,old,NA,NA,NA,NA,-0.423677624,0.601186308,-0.455229555,2.831308515,1.541068578,12,12,12,12,12,-7.25625
138,hndy,adult,2,73.15508672,73.06055723,1095,6/29/12,f,lactating,56.2,81,82,38.37,NA,NA,NA,6/27/08,NA,3/27/14,shrm,1/1/08,NA,NA,NA,NA,NA,serena.n,tr,3,0.777777778,Q4,4,low,NA,53.9,2008,2012,old,20,-1,Q2,2,NA,-0.062628632,NA,NA,NA,NA,4,NA,NA,NA,5.74375
143,hrm,subadult,1,76.45101396,76.44068137,776,6/10/05,m,bado,32.4,66,67,29.2,NA,NA,6.8,7/1/04,3/1/05,5/24/08,mrph,5/20/04,1,2,NA,NA,3/15/05,talek,NA,1,1,Q4,4,med,twin,12.7,2004,2005,old,NA,NA,NA,NA,-0.786415552,-1.045323395,-1.275298952,-1.14607877,-1.20536785,12,12,10,12,12,-1.25625
146,hucn,adult,1,75.16147831,75.05699835,1096,7/2/14,m,bado,NA,69,67,39.3,NA,NA,NA,1/27/12,7/15/12,9/24/14,rbc,9/12/11,1,1,NA,NA,8/24/12,serena.n,tr,1,1,Q4,4,low,twin,33.6,2011,2014,old,NA,NA,NA,NA,-0.58851077,-0.840794496,1.083784324,-0.09068743,-0.420349417,6,2,6,6,6,7.74375
159,juno,adult,1,77.89066999,77.90800476,781,5/28/12,f,lactating,48.6,55,56,33.9,NA,NA,7.1,5/20/08,1/28/09,NA,mrph,4/20/08,1,1,NA,NA,2/24/09,talek,NA,1,1,Q4,4,med,twin,49.2,2008,2012,old,4,0.853658537,Q4,4,0.720583368,-0.849682276,-0.046986605,0.077199676,-1.001153481,17,7,17,11,17,5.74375
160,juno,subadult,1,70.72102091,70.7383705,781,7/18/09,f,bado,46,74,72,39.78,NA,NA,7.3,5/20/08,1/28/09,NA,mrph,4/20/08,1,1,NA,NA,2/24/09,talek,NA,1,1,Q4,4,med,twin,14.9,2008,2009,old,2,0.904761905,Q4,4,0.720583368,-0.849682276,-0.046986605,0.077199676,-1.001153481,17,7,17,11,17,2.74375
166,kik,subadult,1,73.9462749,73.95114453,747,1/27/04,m,bado,33.4,67,69,38.5,NA,NA,8.1,2/21/03,10/1/03,9/19/06,art,11/24/02,NA,NA,NA,NA,9/18/03,talek,tk,2,0.866666667,Q4,4,med,NA,14.1,2002,2004,old,NA,NA,NA,NA,-1.392072996,-0.988044436,-0.685890344,-0.682114693,-0.467987788,12,12,9,12,12,-2.25625
175,loki,subadult,1,75.21749914,75.22478542,917,9/18/09,f,bado,41.4,63,61,33.55,NA,NA,6.1,5/20/08,1/28/09,4/10/14,mrph,4/20/08,1,2,humans (poison - april 2014),4/12/14,2/24/09,talek,NA,1,1,Q4,4,med,twin,17,2008,2009,old,NA,NA,NA,NA,0.720583368,-0.849682276,-0.046986605,0.077199676,-1.001153481,17,7,17,11,17,2.74375
186,meko,cub,1,76.19711172,76.13330229,577,1/17/15,m,bado,30.8,63,72,37.55,NA,NA,NA,3/18/14,NA,NA,juno,1/21/14,1,2,NA,NA,NA,talek,NA,5,0.8,Q4,4,hi,twin,11.9,2014,2015,old,NA,NA,NA,NA,NA,NA,NA,NA,NA,NA,NA,NA,NA,NA,8.74375
198,mrph,adult,3,73.42073028,73.41443947,197,2/4/01,f,lactating,57.93333333,65.33333333,61,NA,NA,NA,NA,7/22/96,12/29/96,4/12/11,bsh,6/25/96,1,1,lions,4/11/11,6/1/97,talek,tk,1,1,Q4,4,low,twin,55.4,1996,2003,old,1,1,Q4,4,0.684232336,-0.055959563,4.583120613,2.978782811,0.401364728,12,12,12,10,12,-3.25625
217,oly,subadult,1,74.95706557,74.95330826,202,6/12/97,m,bado,37,61,64,NA,NA,NA,NA,12/28/95,6/24/96,6/20/99,gil,11/7/95,1,1,NA,NA,12/15/96,talek,tk,2,0.925925926,Q4,4,low,twin,19.2,1995,1997,old,NA,NA,NA,NA,1.669533593,3.859838337,-0.419302705,-0.319780842,1.399486481,10,12,12,12,12,-9.25625
223,pan,adult,1,75.37721,75.40943066,755,9/15/06,f,bado?,62.8,68,82,34,NA,NA,7.5,7/1/04,3/1/05,3/26/13,mrph,5/20/04,1,1,NA,5/21/13,3/14/05,talek,NA,1,1,Q4,4,med,twin,27.9,2004,2006,old,2,0.875,Q4,4,-0.786415552,-1.045323395,-1.275298952,-1.14607877,-1.20536785,12,12,10,12,12,-0.25625
224,pant,adult,1,78.38379252,78.38407897,653,5/23/13,m,bado,47,62,NA,37.05,NA,NA,NA,1/29/11,6/13/11,1/5/14,hel,12/21/10,1,2,NA,NA,9/20/11,talek,NA,4,0.777777778,Q4,4,hi,twin,29,2010,2013,old,NA,NA,NA,NA,-0.826956849,0.224754672,-0.331828636,0.542971406,0.859424454,15,11,9,18,15,6.74375
231,pica,subadult,1,78.84143492,78.83645968,596,7/17/15,m,bado,43.8,63,63,37.82,NA,NA,NA,2/21/14,NA,NA,buar,1/17/14,NA,NA,NA,NA,6/29/14,talek,NA,2,0.95,Q4,4,hi,NA,17.9,2014,2015,old,NA,NA,NA,NA,NA,NA,NA,NA,NA,NA,NA,NA,NA,NA,8.74375
244,rion,subadult,1,78.15698853,78.16975042,557,5/17/15,m,bado,35.6,55,58,38.16,NA,NA,NA,5/20/14,NA,NA,hel,4/29/14,1,1,NA,NA,NA,talek,NA,1,1,Q4,4,hi,twin,12.6,2014,2015,old,NA,NA,NA,NA,NA,NA,NA,NA,NA,NA,NA,NA,NA,NA,8.74375
254,sbl,adult,1,79.53435527,79.52355301,759,2/25/09,f,lactating,52.2,59,NA,35.2,NA,NA,7.2,10/5/04,4/11/05,4/8/13,adon,7/21/04,1,1,NA,NA,9/7/05,talek,tl,2,0.866666667,Q4,4,med,twin,55.2,2004,2009,old,8,0.333333333,Q3,3,-1.166387634,-1.073442156,-0.879322586,-1.088193728,-1.151553841,12,12,12,10,12,2.74375
256,sein,adult,1,75.92352176,75.90017185,181,7/16/97,f,"bado, but her nipples are surprisingly large",55,52,55,NA,NA,NA,NA,5/6/95,12/3/95,2/25/02,bsh,3/22/95,1,2,humans (masai?),NA,4/1/96,talek,tk,1,1,Q4,4,low,twin,27.8,1995,1997,old,2,0.92,Q4,4,1.745363875,-0.928682606,0.539006961,0.911380977,0.708232712,12,12,12,12,12,-9.25625
265,spng,subadult,1,76.98106544,76.97533646,682,5/17/14,m,bado,32.8,59,62,38.99,NA,NA,NA,12/1/12,8/8/13,1/1/15,amaz,11/3/12,1,NA,NA,NA,9/22/13,talek,tk,2,0.951219512,Q4,4,hi,NA,18.4,2012,2014,old,NA,NA,NA,NA,NA,NA,0.156307909,0.468820004,-0.513153117,NA,NA,12,16,16,7.74375
282,thor,cub,1,72.71536665,72.67244382,710,12/15/02,f,bado,21.3,82,81,30.37,NA,NA,5.9,4/26/02,11/10/02,1/20/03,mrph,3/8/02,1,NA,NA,NA,NA,talek,tk,1,1,Q4,4,med,NA,9.3,2002,2002,old,NA,NA,NA,NA,-0.465532,-0.673530881,0.007914399,-0.344636061,-0.199878703,12,12,12,12,8,-4.25625
283,tia,adult,1,74.43779589,74.43544757,748,9/16/05,f,bado,53.2,NA,60,44,NA,NA,NA,3/17/03,10/27/03,12/9/06,mrph,2/18/03,1,1,lions,12/9/06,2/12/04,talek,NA,1,1,Q4,4,med,twin,30.9,2003,2005,old,2,0.875,Q4,4,-1.297695481,0.19242283,-1.196416086,-0.657443587,-0.78959056,12,12,12,9,12,-1.25625
284,tia,cub,1,73.73827944,73.71918491,748,12/30/03,f,bado,26.4,NA,NA,NA,NA,NA,7.2,3/17/03,10/27/03,12/9/06,mrph,2/18/03,1,1,lions,12/9/06,2/12/04,talek,NA,1,1,Q4,4,med,twin,10.3,2003,2003,old,NA,NA,NA,NA,-1.297695481,0.19242283,-1.196416086,-0.657443587,-0.78959056,12,12,12,9,12,-3.25625
286,tica,subadult,1,80.86904353,80.86188231,678,2/16/14,m,bado,45.6,53,54,38.75,NA,NA,NA,11/4/12,7/29/13,1/25/16,hel,10/4/12,1,2,NA,NA,8/28/13,talek,NA,1,1,Q4,4,hi,twin,16.4,2012,2014,old,NA,NA,NA,NA,NA,NA,0.082423561,0.642392279,-0.895937294,NA,NA,15,18,15,7.74375
288,tira,subadult,1,78.37648547,78.30842207,568,5/8/15,m,bado,36.2,69,65,33.3,NA,NA,NA,5/20/14,NA,NA,hel,4/29/14,1,2,NA,NA,NA,talek,NA,1,1,Q4,4,hi,twin,12.3,2014,2015,old,NA,NA,NA,NA,NA,NA,NA,NA,NA,NA,NA,NA,NA,NA,8.74375
307,xena,adult,1,76.85748701,76.82345531,688,10/31/14,m,bado,53.4,78,75,44.93,NA,NA,NA,1/17/12,8/17/12,11/3/14,loki,11/25/11,0,NA,NA,NA,3/22/13,talek,NA,4,0.818181818,Q4,4,hi,single,35.2,2011,2014,old,NA,NA,NA,NA,-0.489331548,0.085526903,0.132765781,-0.387506002,0.383950887,12,21,21,13,11,7.74375
308,xena,subadult,1,77.93361878,77.9655238,688,5/5/13,m,bado,36.2,NA,NA,37.72,NA,NA,NA,1/17/12,8/17/12,11/3/14,loki,11/25/11,0,NA,NA,NA,3/22/13,talek,NA,4,0.818181818,Q4,4,hi,single,17.3,2011,2013,old,NA,NA,NA,NA,-0.489331548,0.085526903,0.132765781,-0.387506002,0.383950887,12,21,21,13,11,6.74375
312,yoda,cub,1,76.96192014,76.96567367,353,3/10/02,f,bado,23.4,51,75,37.4,16200,9265000,7,7/25/01,1/19/02,1/15/03,sein,6/1/01,1,1,NA,NA,NA,talek,tk,3,0.764705882,Q4,4,med,twin,9.3,2001,2002,old,NA,NA,NA,NA,-0.124788137,-0.41265126,1.066417578,0.679793465,-0.118196724,10,12,14,14,12,-4.25625
314,zc,adult,1,77.59687189,77.54978015,351,1/1/04,f,preg,49.9,67,85,34.9,NA,NA,6.6,5/20/01,10/9/01,5/16/05,ath,3/13/01,0,NA,humans,5/16/05,1/27/02,talek,tk,2,0.882352941,Q4,4,med,single,33.6,2001,2004,old,5,0.466666667,Q3,3,0.898428261,-0.251489099,1.249733771,-0.054879448,-0.472472288,12,8,12,10,12,-2.25625
315,zc,cub,1,77.29777249,77.26134107,351,10/24/01,f,bado,18.6,67,62,39.4,23350,9285000,6.8,5/20/01,10/9/01,5/16/05,ath,3/13/01,0,NA,humans,5/16/05,1/27/02,talek,tk,2,0.882352941,Q4,4,med,single,7.4,2001,2001,old,NA,NA,NA,NA,0.898428261,-0.251489099,1.249733771,-0.054879448,-0.472472288,12,8,12,10,12,-5.25625